Algorithm,Dataset,Comparison,Raw Eigs,Unfolded,Largest,Largest20,Noise,Noise (shift),Brody,Rigidity,Levelvar,Guess
Logistic Regression,LEARNING,rest_v_task,0.8888888888888888,0.8865740740740741,0.8888888888888888,0.8888888888888888,0.8888888888888888,0.8888888888888888,0.8888888888888888,0.8888888888888888,0.8888888888888888,0.8888888888888888
LDA,LEARNING,rest_v_task,0.7708333333333334,0.125,0.8888888888888888,0.8773148148148148,0.8888888888888888,0.8888888888888888,0.8888888888888888,0.8819444444444444,0.8101851851851852,0.8888888888888888
SVM,LEARNING,rest_v_task,0.8865740740740741,0.8888888888888888,0.8888888888888888,0.8888888888888888,0.8888888888888888,0.8888888888888888,0.8888888888888888,0.8888888888888888,0.8888888888888888,0.8888888888888888
KNN-1,LEARNING,rest_v_task,0.8078703703703703,0.8194444444444444,0.7824074074074074,0.7962962962962963,0.5856481481481481,0.7800925925925926,0.8888888888888888,0.8125,0.7939814814814815,0.8888888888888888
KNN-2,LEARNING,rest_v_task,0.7384259259259259,0.7685185185185185,0.7152777777777778,0.7060185185185185,0.5486111111111112,0.7314814814814815,0.8888888888888888,0.7245370370370371,0.7245370370370371,0.8888888888888888
KNN-3,LEARNING,rest_v_task,0.8703703703703703,0.8726851851851852,0.8587962962962963,0.8634259259259259,0.8171296296296297,0.8032407407407407,0.8888888888888888,0.8842592592592593,0.8726851851851852,0.8888888888888888
KNN-4,LEARNING,rest_v_task,0.8564814814814815,0.8495370370370371,0.8425925925925926,0.8495370370370371,0.8101851851851852,0.7777777777777778,0.8888888888888888,0.8611111111111112,0.8518518518518519,0.8888888888888888
KNN-5,LEARNING,rest_v_task,0.8912037037037037,0.8796296296296297,0.8888888888888888,0.8796296296296297,0.8680555555555556,0.8796296296296297,0.8888888888888888,0.8865740740740741,0.8865740740740741,0.8888888888888888
KNN-6,LEARNING,rest_v_task,0.8888888888888888,0.8796296296296297,0.8842592592592593,0.8796296296296297,0.8657407407407407,0.875,0.1111111111111111,0.8865740740740741,0.8842592592592593,0.8888888888888888
KNN-7,LEARNING,rest_v_task,0.8912037037037037,0.8888888888888888,0.8888888888888888,0.8888888888888888,0.8703703703703703,0.8773148148148148,0.1111111111111111,0.8912037037037037,0.8842592592592593,0.8888888888888888
KNN-8,LEARNING,rest_v_task,0.8912037037037037,0.8888888888888888,0.8888888888888888,0.8865740740740741,0.8634259259259259,0.8773148148148148,0.1111111111111111,0.8958333333333334,0.8842592592592593,0.8888888888888888
KNN-9,LEARNING,rest_v_task,0.8865740740740741,0.8888888888888888,0.8888888888888888,0.8865740740740741,0.8888888888888888,0.8773148148148148,0.1111111111111111,0.8912037037037037,0.8865740740740741,0.8888888888888888
KNN-10,LEARNING,rest_v_task,0.8865740740740741,0.8865740740740741,0.8888888888888888,0.8865740740740741,0.8888888888888888,0.8773148148148148,0.1111111111111111,0.8912037037037037,0.8865740740740741,0.8888888888888888
KNN-20,LEARNING,rest_v_task,0.8888888888888888,0.8888888888888888,0.8888888888888888,0.8888888888888888,0.8888888888888888,0.8888888888888888,0.1111111111111111,0.8888888888888888,0.8888888888888888,0.8888888888888888
Logistic Regression,OSTEO,allpain_v_nopain,0.7368421052631579,,0.7368421052631579,0.7368421052631579,0.7368421052631579,0.7368421052631579,0.7368421052631579,0.7368421052631579,0.7368421052631579,0.7368421052631579
LDA,OSTEO,allpain_v_nopain,0.5,,0.75,0.7105263157894737,0.7368421052631579,0.7368421052631579,0.7368421052631579,0.6052631578947368,0.5921052631578947,0.7368421052631579
SVM,OSTEO,allpain_v_nopain,0.7368421052631579,,0.75,0.7368421052631579,0.7368421052631579,0.7236842105263158,0.7368421052631579,0.7368421052631579,0.7368421052631579,0.7368421052631579
KNN-1,OSTEO,allpain_v_nopain,0.6052631578947368,,0.6973684210526315,0.631578947368421,0.6447368421052632,0.6052631578947368,0.2631578947368421,0.5526315789473685,0.6052631578947368,0.7368421052631579
KNN-2,OSTEO,allpain_v_nopain,0.6447368421052632,,0.7368421052631579,0.6710526315789473,0.7368421052631579,0.7236842105263158,0.7368421052631579,0.7631578947368421,0.7368421052631579,0.7368421052631579
KNN-3,OSTEO,allpain_v_nopain,0.5921052631578947,,0.7368421052631579,0.6578947368421053,0.7368421052631579,0.7236842105263158,0.7368421052631579,0.6578947368421053,0.6710526315789473,0.7368421052631579
KNN-4,OSTEO,allpain_v_nopain,0.6710526315789473,,0.7236842105263158,0.6710526315789473,0.7368421052631579,0.7368421052631579,0.7368421052631579,0.7631578947368421,0.6973684210526315,0.7368421052631579
KNN-5,OSTEO,allpain_v_nopain,0.5921052631578947,,0.6842105263157895,0.6447368421052632,0.7368421052631579,0.7236842105263158,0.7368421052631579,0.7368421052631579,0.6578947368421053,0.7368421052631579
KNN-6,OSTEO,allpain_v_nopain,0.6973684210526315,,0.7236842105263158,0.6973684210526315,0.7368421052631579,0.7368421052631579,0.7368421052631579,0.75,0.7236842105263158,0.7368421052631579
KNN-7,OSTEO,allpain_v_nopain,0.631578947368421,,0.7763157894736842,0.6973684210526315,0.7368421052631579,0.7368421052631579,0.7368421052631579,0.7236842105263158,0.6710526315789473,0.7368421052631579
KNN-8,OSTEO,allpain_v_nopain,0.6973684210526315,,0.75,0.7236842105263158,0.7368421052631579,0.7368421052631579,0.7368421052631579,0.7236842105263158,0.7105263157894737,0.7368421052631579
KNN-9,OSTEO,allpain_v_nopain,0.6710526315789473,,0.7368421052631579,0.7105263157894737,0.7368421052631579,0.7368421052631579,0.7368421052631579,0.7236842105263158,0.6973684210526315,0.7368421052631579
KNN-10,OSTEO,allpain_v_nopain,0.7105263157894737,,0.7631578947368421,0.7368421052631579,0.7368421052631579,0.7368421052631579,0.7368421052631579,0.7236842105263158,0.7236842105263158,0.7368421052631579
KNN-20,OSTEO,allpain_v_nopain,0.7368421052631579,,0.7368421052631579,0.7368421052631579,0.7368421052631579,0.7368421052631579,0.7368421052631579,0.7368421052631579,0.7368421052631579,0.7368421052631579
Logistic Regression,OSTEO,allpain_v_duloxetine,0.7333333333333333,,0.7466666666666667,0.7466666666666667,0.7466666666666667,0.7466666666666667,0.7466666666666667,0.7333333333333333,0.72,0.7466666666666667
LDA,OSTEO,allpain_v_duloxetine,0.44,,0.7466666666666667,0.5466666666666666,0.7466666666666667,0.7333333333333333,0.7466666666666667,0.5066666666666667,0.41333333333333333,0.7466666666666667
SVM,OSTEO,allpain_v_duloxetine,0.7466666666666667,,0.7466666666666667,0.7466666666666667,0.7466666666666667,0.7333333333333333,0.7466666666666667,0.72,0.72,0.7466666666666667
KNN-1,OSTEO,allpain_v_duloxetine,0.4266666666666667,,0.4666666666666667,0.41333333333333333,0.5333333333333333,0.44,0.25333333333333335,0.4533333333333333,0.4,0.7466666666666667
KNN-2,OSTEO,allpain_v_duloxetine,0.7333333333333333,,0.72,0.68,0.7333333333333333,0.7333333333333333,0.7466666666666667,0.6933333333333334,0.6933333333333334,0.7466666666666667
KNN-3,OSTEO,allpain_v_duloxetine,0.68,,0.6533333333333333,0.5466666666666666,0.7333333333333333,0.7066666666666667,0.7466666666666667,0.6,0.6133333333333333,0.7466666666666667
KNN-4,OSTEO,allpain_v_duloxetine,0.7466666666666667,,0.7466666666666667,0.7333333333333333,0.7466666666666667,0.72,0.7466666666666667,0.7466666666666667,0.7466666666666667,0.7466666666666667
KNN-5,OSTEO,allpain_v_duloxetine,0.72,,0.7466666666666667,0.7066666666666667,0.7466666666666667,0.7066666666666667,0.7466666666666667,0.72,0.7333333333333333,0.7466666666666667
KNN-6,OSTEO,allpain_v_duloxetine,0.7466666666666667,,0.7466666666666667,0.7466666666666667,0.7466666666666667,0.7333333333333333,0.7466666666666667,0.7466666666666667,0.7466666666666667,0.7466666666666667
KNN-7,OSTEO,allpain_v_duloxetine,0.7466666666666667,,0.7466666666666667,0.7466666666666667,0.7466666666666667,0.7333333333333333,0.7466666666666667,0.7333333333333333,0.7466666666666667,0.7466666666666667
KNN-8,OSTEO,allpain_v_duloxetine,0.7466666666666667,,0.7466666666666667,0.7466666666666667,0.7466666666666667,0.7466666666666667,0.7466666666666667,0.7466666666666667,0.7466666666666667,0.7466666666666667
KNN-9,OSTEO,allpain_v_duloxetine,0.7466666666666667,,0.7466666666666667,0.7466666666666667,0.7466666666666667,0.7466666666666667,0.7466666666666667,0.7333333333333333,0.7466666666666667,0.7466666666666667
KNN-10,OSTEO,allpain_v_duloxetine,0.7466666666666667,,0.7466666666666667,0.7466666666666667,0.7466666666666667,0.7466666666666667,0.7466666666666667,0.7466666666666667,0.7466666666666667,0.7466666666666667
KNN-20,OSTEO,allpain_v_duloxetine,0.7466666666666667,,0.7466666666666667,0.7466666666666667,0.7466666666666667,0.7466666666666667,0.7466666666666667,0.7466666666666667,0.7466666666666667,0.7466666666666667
Logistic Regression,OSTEO,allpain_v_pain,0.5376344086021505,,0.6021505376344086,0.6021505376344086,0.6021505376344086,0.6021505376344086,0.6021505376344086,0.6021505376344086,0.6021505376344086,0.6021505376344086
LDA,OSTEO,allpain_v_pain,0.17204301075268819,,0.6021505376344086,0.3118279569892473,0.6021505376344086,0.5376344086021505,0.6021505376344086,0.45161290322580644,0.5483870967741935,0.6021505376344086
SVM,OSTEO,allpain_v_pain,0.5913978494623656,,0.6021505376344086,0.5913978494623656,0.5913978494623656,0.5913978494623656,0.6021505376344086,0.6021505376344086,0.6021505376344086,0.6021505376344086
KNN-1,OSTEO,allpain_v_pain,0.16129032258064516,,0.17204301075268819,0.1935483870967742,0.5913978494623656,0.5053763440860215,0.3978494623655914,0.1827956989247312,0.11827956989247312,0.6021505376344086
KNN-2,OSTEO,allpain_v_pain,0.5053763440860215,,0.5591397849462365,0.5806451612903226,0.6021505376344086,0.6021505376344086,0.6021505376344086,0.40860215053763443,0.40860215053763443,0.6021505376344086
KNN-3,OSTEO,allpain_v_pain,0.24731182795698925,,0.3225806451612903,0.27956989247311825,0.5913978494623656,0.5053763440860215,0.6021505376344086,0.24731182795698925,0.23655913978494625,0.6021505376344086
KNN-4,OSTEO,allpain_v_pain,0.5591397849462365,,0.5376344086021505,0.5483870967741935,0.5913978494623656,0.5698924731182796,0.6021505376344086,0.5268817204301075,0.4838709677419355,0.6021505376344086
KNN-5,OSTEO,allpain_v_pain,0.3010752688172043,,0.41935483870967744,0.3548387096774194,0.5483870967741935,0.5483870967741935,0.6021505376344086,0.2903225806451613,0.34408602150537637,0.6021505376344086
KNN-6,OSTEO,allpain_v_pain,0.5483870967741935,,0.5591397849462365,0.6021505376344086,0.5591397849462365,0.5376344086021505,0.6021505376344086,0.5698924731182796,0.5376344086021505,0.6021505376344086
KNN-7,OSTEO,allpain_v_pain,0.3763440860215054,,0.41935483870967744,0.4946236559139785,0.5053763440860215,0.4946236559139785,0.6021505376344086,0.45161290322580644,0.3870967741935484,0.6021505376344086
KNN-8,OSTEO,allpain_v_pain,0.5698924731182796,,0.5268817204301075,0.6021505376344086,0.5698924731182796,0.5806451612903226,0.6021505376344086,0.5483870967741935,0.5483870967741935,0.6021505376344086
KNN-9,OSTEO,allpain_v_pain,0.4838709677419355,,0.46236559139784944,0.5591397849462365,0.5483870967741935,0.5483870967741935,0.6021505376344086,0.5053763440860215,0.5161290322580645,0.6021505376344086
KNN-10,OSTEO,allpain_v_pain,0.5806451612903226,,0.5913978494623656,0.5806451612903226,0.5913978494623656,0.5591397849462365,0.6021505376344086,0.5806451612903226,0.5806451612903226,0.6021505376344086
KNN-20,OSTEO,allpain_v_pain,0.6021505376344086,,0.6021505376344086,0.6021505376344086,0.5053763440860215,0.6021505376344086,0.6021505376344086,0.6021505376344086,0.6021505376344086,0.6021505376344086
Logistic Regression,OSTEO,nopain_v_pain,0.6140350877192983,0.543859649122807,0.6491228070175439,0.631578947368421,0.6491228070175439,0.6491228070175439,0.6491228070175439,0.6491228070175439,0.6140350877192983,0.6491228070175439
LDA,OSTEO,nopain_v_pain,0.5263157894736842,0.40350877192982454,0.7368421052631579,0.543859649122807,0.6491228070175439,0.6842105263157895,0.6491228070175439,0.49122807017543857,0.47368421052631576,0.6491228070175439
SVM,OSTEO,nopain_v_pain,0.6491228070175439,0.6491228070175439,0.7017543859649122,0.49122807017543857,0.6491228070175439,0.6842105263157895,0.6491228070175439,0.6491228070175439,0.6491228070175439,0.6491228070175439
KNN-1,OSTEO,nopain_v_pain,0.49122807017543857,0.5263157894736842,0.5614035087719298,0.5614035087719298,0.40350877192982454,0.3333333333333333,0.3508771929824561,0.5087719298245614,0.47368421052631576,0.6491228070175439
KNN-2,OSTEO,nopain_v_pain,0.47368421052631576,0.47368421052631576,0.6140350877192983,0.5614035087719298,0.40350877192982454,0.3333333333333333,0.3508771929824561,0.38596491228070173,0.3333333333333333,0.6491228070175439
KNN-3,OSTEO,nopain_v_pain,0.5789473684210527,0.5964912280701754,0.6666666666666666,0.631578947368421,0.49122807017543857,0.43859649122807015,0.3508771929824561,0.5964912280701754,0.543859649122807,0.6491228070175439
KNN-4,OSTEO,nopain_v_pain,0.49122807017543857,0.5789473684210527,0.631578947368421,0.6491228070175439,0.49122807017543857,0.43859649122807015,0.3508771929824561,0.43859649122807015,0.5263157894736842,0.6491228070175439
KNN-5,OSTEO,nopain_v_pain,0.5087719298245614,0.631578947368421,0.5789473684210527,0.5614035087719298,0.43859649122807015,0.3333333333333333,0.3508771929824561,0.49122807017543857,0.5087719298245614,0.6491228070175439
KNN-6,OSTEO,nopain_v_pain,0.49122807017543857,0.5263157894736842,0.631578947368421,0.6140350877192983,0.43859649122807015,0.3333333333333333,0.3508771929824561,0.47368421052631576,0.5263157894736842,0.6491228070175439
KNN-7,OSTEO,nopain_v_pain,0.49122807017543857,0.6842105263157895,0.7192982456140351,0.6140350877192983,0.42105263157894735,0.6842105263157895,0.3508771929824561,0.631578947368421,0.543859649122807,0.6491228070175439
KNN-8,OSTEO,nopain_v_pain,0.43859649122807015,0.5263157894736842,0.7368421052631579,0.6140350877192983,0.49122807017543857,0.6842105263157895,0.3508771929824561,0.5614035087719298,0.5263157894736842,0.6491228070175439
KNN-9,OSTEO,nopain_v_pain,0.543859649122807,0.6491228070175439,0.6666666666666666,0.631578947368421,0.543859649122807,0.5964912280701754,0.3508771929824561,0.6666666666666666,0.47368421052631576,0.6491228070175439
KNN-10,OSTEO,nopain_v_pain,0.45614035087719296,0.5263157894736842,0.6666666666666666,0.6140350877192983,0.5789473684210527,0.5789473684210527,0.3508771929824561,0.5614035087719298,0.47368421052631576,0.6491228070175439
KNN-20,OSTEO,nopain_v_pain,0.6491228070175439,0.47368421052631576,0.7192982456140351,0.6842105263157895,0.47368421052631576,0.6491228070175439,0.3508771929824561,0.5087719298245614,0.47368421052631576,0.6491228070175439
Logistic Regression,OSTEO,duloxetine_v_nopain,0.6410256410256411,,0.5641025641025641,0.6923076923076923,0.5384615384615384,0.28205128205128205,0.0,0.46153846153846156,0.6666666666666666,0.5128205128205128
LDA,OSTEO,duloxetine_v_nopain,0.4358974358974359,,0.6153846153846154,0.5897435897435898,0.5384615384615384,0.20512820512820512,0.0,0.5128205128205128,0.5641025641025641,0.5128205128205128
SVM,OSTEO,duloxetine_v_nopain,0.717948717948718,,0.6153846153846154,0.6410256410256411,0.6923076923076923,0.02564102564102564,0.5128205128205128,0.4358974358974359,0.717948717948718,0.5128205128205128
KNN-1,OSTEO,duloxetine_v_nopain,0.5128205128205128,,0.5641025641025641,0.6153846153846154,0.6410256410256411,0.46153846153846156,0.48717948717948717,0.358974358974359,0.5897435897435898,0.5128205128205128
KNN-2,OSTEO,duloxetine_v_nopain,0.46153846153846156,,0.6666666666666666,0.48717948717948717,0.6410256410256411,0.46153846153846156,0.48717948717948717,0.38461538461538464,0.717948717948718,0.5128205128205128
KNN-3,OSTEO,duloxetine_v_nopain,0.5128205128205128,,0.5128205128205128,0.5384615384615384,0.5897435897435898,0.41025641025641024,0.48717948717948717,0.38461538461538464,0.6153846153846154,0.5128205128205128
KNN-4,OSTEO,duloxetine_v_nopain,0.5384615384615384,,0.46153846153846156,0.48717948717948717,0.5897435897435898,0.4358974358974359,0.48717948717948717,0.5128205128205128,0.5897435897435898,0.5128205128205128
KNN-5,OSTEO,duloxetine_v_nopain,0.7435897435897436,,0.41025641025641024,0.5641025641025641,0.717948717948718,0.38461538461538464,0.48717948717948717,0.41025641025641024,0.5128205128205128,0.5128205128205128
KNN-6,OSTEO,duloxetine_v_nopain,0.6923076923076923,,0.5128205128205128,0.48717948717948717,0.717948717948718,0.41025641025641024,0.48717948717948717,0.46153846153846156,0.6410256410256411,0.5128205128205128
KNN-7,OSTEO,duloxetine_v_nopain,0.6410256410256411,,0.4358974358974359,0.6410256410256411,0.717948717948718,0.5384615384615384,0.48717948717948717,0.48717948717948717,0.6666666666666666,0.5128205128205128
KNN-8,OSTEO,duloxetine_v_nopain,0.6923076923076923,,0.5384615384615384,0.5897435897435898,0.717948717948718,0.5384615384615384,0.48717948717948717,0.5128205128205128,0.6666666666666666,0.5128205128205128
KNN-9,OSTEO,duloxetine_v_nopain,0.6153846153846154,,0.5384615384615384,0.717948717948718,0.717948717948718,0.41025641025641024,0.48717948717948717,0.48717948717948717,0.5897435897435898,0.5128205128205128
KNN-10,OSTEO,duloxetine_v_nopain,0.5384615384615384,,0.5641025641025641,0.717948717948718,0.717948717948718,0.38461538461538464,0.48717948717948717,0.46153846153846156,0.6666666666666666,0.5128205128205128
KNN-20,OSTEO,duloxetine_v_nopain,0.5641025641025641,,0.6153846153846154,0.717948717948718,0.5897435897435898,0.15384615384615385,0.5128205128205128,0.48717948717948717,0.6666666666666666,0.5128205128205128
Logistic Regression,OSTEO,duloxetine_v_pain,0.625,,0.6607142857142857,0.6607142857142857,0.6607142857142857,0.6607142857142857,0.6607142857142857,0.6964285714285714,0.6607142857142857,0.6607142857142857
LDA,OSTEO,duloxetine_v_pain,0.39285714285714285,,0.6607142857142857,0.5178571428571429,0.6428571428571429,0.6071428571428571,0.6607142857142857,0.5357142857142857,0.39285714285714285,0.6607142857142857
SVM,OSTEO,duloxetine_v_pain,0.6428571428571429,,0.6607142857142857,0.6607142857142857,0.4642857142857143,0.7142857142857143,0.6607142857142857,0.6785714285714286,0.6607142857142857,0.6607142857142857
KNN-1,OSTEO,duloxetine_v_pain,0.5,,0.4642857142857143,0.6607142857142857,0.5178571428571429,0.44642857142857145,0.3392857142857143,0.6607142857142857,0.5178571428571429,0.6607142857142857
KNN-2,OSTEO,duloxetine_v_pain,0.48214285714285715,,0.4107142857142857,0.42857142857142855,0.5178571428571429,0.44642857142857145,0.3392857142857143,0.5535714285714286,0.5178571428571429,0.6607142857142857
KNN-3,OSTEO,duloxetine_v_pain,0.5535714285714286,,0.48214285714285715,0.5,0.4642857142857143,0.4107142857142857,0.3392857142857143,0.6071428571428571,0.48214285714285715,0.6607142857142857
KNN-4,OSTEO,duloxetine_v_pain,0.5,,0.5357142857142857,0.35714285714285715,0.4107142857142857,0.4107142857142857,0.3392857142857143,0.5,0.42857142857142855,0.6607142857142857
KNN-5,OSTEO,duloxetine_v_pain,0.5892857142857143,,0.5714285714285714,0.4642857142857143,0.6964285714285714,0.4642857142857143,0.3392857142857143,0.5714285714285714,0.6071428571428571,0.6607142857142857
KNN-6,OSTEO,duloxetine_v_pain,0.48214285714285715,,0.5714285714285714,0.375,0.6785714285714286,0.4642857142857143,0.3392857142857143,0.5178571428571429,0.5,0.6607142857142857
KNN-7,OSTEO,duloxetine_v_pain,0.5892857142857143,,0.5,0.5892857142857143,0.6964285714285714,0.48214285714285715,0.3392857142857143,0.5714285714285714,0.625,0.6607142857142857
KNN-8,OSTEO,duloxetine_v_pain,0.5357142857142857,,0.5535714285714286,0.5357142857142857,0.6964285714285714,0.48214285714285715,0.3392857142857143,0.5178571428571429,0.5892857142857143,0.6607142857142857
KNN-9,OSTEO,duloxetine_v_pain,0.6071428571428571,,0.625,0.6071428571428571,0.6964285714285714,0.6071428571428571,0.3392857142857143,0.5178571428571429,0.6428571428571429,0.6607142857142857
KNN-10,OSTEO,duloxetine_v_pain,0.5357142857142857,,0.625,0.48214285714285715,0.6964285714285714,0.48214285714285715,0.3392857142857143,0.5,0.5178571428571429,0.6607142857142857
KNN-20,OSTEO,duloxetine_v_pain,0.5714285714285714,,0.5714285714285714,0.6607142857142857,0.6964285714285714,0.5535714285714286,0.3392857142857143,0.6607142857142857,0.6607142857142857,0.6607142857142857
Logistic Regression,PSYCH_VIGILANCE_SES-1,high_v_low,0.6818181818181818,0.5568181818181818,0.5795454545454546,0.6136363636363636,0.5795454545454546,0.6136363636363636,0.5454545454545454,0.4772727272727273,0.5113636363636364,0.5454545454545454
LDA,PSYCH_VIGILANCE_SES-1,high_v_low,0.45454545454545453,0.5340909090909091,0.5454545454545454,0.5113636363636364,0.5454545454545454,0.6818181818181818,0.5454545454545454,0.5340909090909091,0.48863636363636365,0.5454545454545454
SVM,PSYCH_VIGILANCE_SES-1,high_v_low,0.6704545454545454,0.48863636363636365,0.5909090909090909,0.6136363636363636,0.6477272727272727,0.6590909090909091,0.5454545454545454,0.42045454545454547,0.5454545454545454,0.5454545454545454
KNN-1,PSYCH_VIGILANCE_SES-1,high_v_low,0.6818181818181818,0.5681818181818182,0.5,0.5340909090909091,0.4659090909090909,0.5,0.45454545454545453,0.4659090909090909,0.48863636363636365,0.5454545454545454
KNN-2,PSYCH_VIGILANCE_SES-1,high_v_low,0.6931818181818182,0.6363636363636364,0.5568181818181818,0.5454545454545454,0.5227272727272727,0.5454545454545454,0.5454545454545454,0.5340909090909091,0.5340909090909091,0.5454545454545454
KNN-3,PSYCH_VIGILANCE_SES-1,high_v_low,0.7045454545454546,0.5909090909090909,0.5454545454545454,0.5568181818181818,0.48863636363636365,0.5568181818181818,0.5454545454545454,0.42045454545454547,0.45454545454545453,0.5454545454545454
KNN-4,PSYCH_VIGILANCE_SES-1,high_v_low,0.6477272727272727,0.5795454545454546,0.6363636363636364,0.5795454545454546,0.5454545454545454,0.5681818181818182,0.5454545454545454,0.5,0.5568181818181818,0.5454545454545454
KNN-5,PSYCH_VIGILANCE_SES-1,high_v_low,0.7272727272727273,0.5681818181818182,0.6136363636363636,0.5454545454545454,0.5113636363636364,0.5,0.5454545454545454,0.4431818181818182,0.5113636363636364,0.5454545454545454
KNN-6,PSYCH_VIGILANCE_SES-1,high_v_low,0.7272727272727273,0.5340909090909091,0.6363636363636364,0.5909090909090909,0.5113636363636364,0.5568181818181818,0.5454545454545454,0.4659090909090909,0.5681818181818182,0.5454545454545454
KNN-7,PSYCH_VIGILANCE_SES-1,high_v_low,0.7159090909090909,0.48863636363636365,0.5795454545454546,0.5795454545454546,0.5795454545454546,0.5795454545454546,0.5454545454545454,0.42045454545454547,0.5568181818181818,0.5454545454545454
KNN-8,PSYCH_VIGILANCE_SES-1,high_v_low,0.7386363636363636,0.5568181818181818,0.6022727272727273,0.5568181818181818,0.5681818181818182,0.5909090909090909,0.5454545454545454,0.48863636363636365,0.5454545454545454,0.5454545454545454
KNN-9,PSYCH_VIGILANCE_SES-1,high_v_low,0.7045454545454546,0.5,0.5340909090909091,0.6022727272727273,0.4659090909090909,0.5568181818181818,0.5454545454545454,0.45454545454545453,0.5795454545454546,0.5454545454545454
KNN-10,PSYCH_VIGILANCE_SES-1,high_v_low,0.6931818181818182,0.5113636363636364,0.5568181818181818,0.5568181818181818,0.4772727272727273,0.5909090909090909,0.5454545454545454,0.5113636363636364,0.5454545454545454,0.5454545454545454
KNN-20,PSYCH_VIGILANCE_SES-1,high_v_low,0.6477272727272727,0.42045454545454547,0.4772727272727273,0.5227272727272727,0.5681818181818182,0.625,0.5454545454545454,0.45454545454545453,0.5795454545454546,0.5454545454545454
Logistic Regression,PSYCH_VIGILANCE_SES-2,high_v_low,0.5,0.5340909090909091,0.36363636363636365,0.45454545454545453,0.3068181818181818,0.4772727272727273,0.0,0.48863636363636365,0.5113636363636364,0.5
LDA,PSYCH_VIGILANCE_SES-2,high_v_low,0.38636363636363635,0.375,0.4090909090909091,0.4659090909090909,0.4772727272727273,0.5113636363636364,0.0,0.5,0.48863636363636365,0.5
SVM,PSYCH_VIGILANCE_SES-2,high_v_low,0.625,0.48863636363636365,0.6363636363636364,0.36363636363636365,0.5795454545454546,0.5454545454545454,0.0,0.36363636363636365,0.29545454545454547,0.5
KNN-1,PSYCH_VIGILANCE_SES-2,high_v_low,0.5795454545454546,0.48863636363636365,0.5909090909090909,0.5795454545454546,0.5113636363636364,0.48863636363636365,0.5,0.5568181818181818,0.5681818181818182,0.5
KNN-2,PSYCH_VIGILANCE_SES-2,high_v_low,0.5681818181818182,0.5227272727272727,0.5681818181818182,0.48863636363636365,0.48863636363636365,0.45454545454545453,0.5,0.45454545454545453,0.48863636363636365,0.5
KNN-3,PSYCH_VIGILANCE_SES-2,high_v_low,0.5227272727272727,0.5227272727272727,0.6363636363636364,0.5340909090909091,0.5,0.4772727272727273,0.5,0.5454545454545454,0.6136363636363636,0.5
KNN-4,PSYCH_VIGILANCE_SES-2,high_v_low,0.5454545454545454,0.5227272727272727,0.5681818181818182,0.4659090909090909,0.5227272727272727,0.5,0.5,0.5113636363636364,0.5454545454545454,0.5
KNN-5,PSYCH_VIGILANCE_SES-2,high_v_low,0.5227272727272727,0.4772727272727273,0.5227272727272727,0.48863636363636365,0.4090909090909091,0.3977272727272727,0.5,0.5113636363636364,0.5340909090909091,0.5
KNN-6,PSYCH_VIGILANCE_SES-2,high_v_low,0.4659090909090909,0.45454545454545453,0.5113636363636364,0.5113636363636364,0.45454545454545453,0.48863636363636365,0.5,0.4431818181818182,0.5681818181818182,0.5
KNN-7,PSYCH_VIGILANCE_SES-2,high_v_low,0.4772727272727273,0.4318181818181818,0.6136363636363636,0.5227272727272727,0.5454545454545454,0.45454545454545453,0.5,0.4431818181818182,0.5681818181818182,0.5
KNN-8,PSYCH_VIGILANCE_SES-2,high_v_low,0.4431818181818182,0.4431818181818182,0.6477272727272727,0.5227272727272727,0.48863636363636365,0.42045454545454547,0.5,0.4318181818181818,0.5227272727272727,0.5
KNN-9,PSYCH_VIGILANCE_SES-2,high_v_low,0.5,0.48863636363636365,0.625,0.4659090909090909,0.5340909090909091,0.45454545454545453,0.5,0.48863636363636365,0.5681818181818182,0.5
KNN-10,PSYCH_VIGILANCE_SES-2,high_v_low,0.4772727272727273,0.45454545454545453,0.5795454545454546,0.4772727272727273,0.5340909090909091,0.3977272727272727,0.5,0.4772727272727273,0.5,0.5
KNN-20,PSYCH_VIGILANCE_SES-2,high_v_low,0.5568181818181818,0.5340909090909091,0.6363636363636364,0.4659090909090909,0.3181818181818182,0.4090909090909091,0.5,0.5227272727272727,0.48863636363636365,0.5
Logistic Regression,PSYCH_TASK_ATTENTION_SES-1,high_v_low,0.6477272727272727,0.5795454545454546,0.6022727272727273,0.6363636363636364,0.5909090909090909,0.5909090909090909,0.5909090909090909,0.5909090909090909,0.5909090909090909,0.5909090909090909
LDA,PSYCH_TASK_ATTENTION_SES-1,high_v_low,0.5340909090909091,0.48863636363636365,0.5454545454545454,0.5568181818181818,0.5909090909090909,0.5568181818181818,0.5909090909090909,0.4431818181818182,0.5,0.5909090909090909
SVM,PSYCH_TASK_ATTENTION_SES-1,high_v_low,0.6363636363636364,0.5,0.6477272727272727,0.6363636363636364,0.5795454545454546,0.625,0.5909090909090909,0.5795454545454546,0.5795454545454546,0.5909090909090909
KNN-1,PSYCH_TASK_ATTENTION_SES-1,high_v_low,0.5227272727272727,0.625,0.5568181818181818,0.5795454545454546,0.5113636363636364,0.5795454545454546,0.4090909090909091,0.4431818181818182,0.4431818181818182,0.5909090909090909
KNN-2,PSYCH_TASK_ATTENTION_SES-1,high_v_low,0.5795454545454546,0.6022727272727273,0.6136363636363636,0.6363636363636364,0.5454545454545454,0.6136363636363636,0.5909090909090909,0.5113636363636364,0.5227272727272727,0.5909090909090909
KNN-3,PSYCH_TASK_ATTENTION_SES-1,high_v_low,0.45454545454545453,0.6363636363636364,0.6022727272727273,0.5568181818181818,0.4431818181818182,0.6477272727272727,0.5909090909090909,0.4431818181818182,0.4431818181818182,0.5909090909090909
KNN-4,PSYCH_TASK_ATTENTION_SES-1,high_v_low,0.6022727272727273,0.5681818181818182,0.6590909090909091,0.5909090909090909,0.5454545454545454,0.6477272727272727,0.5909090909090909,0.48863636363636365,0.48863636363636365,0.5909090909090909
KNN-5,PSYCH_TASK_ATTENTION_SES-1,high_v_low,0.5340909090909091,0.6022727272727273,0.5909090909090909,0.5227272727272727,0.5795454545454546,0.6363636363636364,0.5909090909090909,0.38636363636363635,0.4090909090909091,0.5909090909090909
KNN-6,PSYCH_TASK_ATTENTION_SES-1,high_v_low,0.5681818181818182,0.5340909090909091,0.5909090909090909,0.6022727272727273,0.5454545454545454,0.625,0.5909090909090909,0.4772727272727273,0.5,0.5909090909090909
KNN-7,PSYCH_TASK_ATTENTION_SES-1,high_v_low,0.5454545454545454,0.5227272727272727,0.6363636363636364,0.5681818181818182,0.5227272727272727,0.5454545454545454,0.5909090909090909,0.4090909090909091,0.4772727272727273,0.5909090909090909
KNN-8,PSYCH_TASK_ATTENTION_SES-1,high_v_low,0.5568181818181818,0.5,0.6022727272727273,0.6136363636363636,0.5909090909090909,0.625,0.5909090909090909,0.5227272727272727,0.5340909090909091,0.5909090909090909
KNN-9,PSYCH_TASK_ATTENTION_SES-1,high_v_low,0.5454545454545454,0.4318181818181818,0.6363636363636364,0.5681818181818182,0.5340909090909091,0.5681818181818182,0.5909090909090909,0.42045454545454547,0.5,0.5909090909090909
KNN-10,PSYCH_TASK_ATTENTION_SES-1,high_v_low,0.5568181818181818,0.4659090909090909,0.5795454545454546,0.5795454545454546,0.5681818181818182,0.5113636363636364,0.5909090909090909,0.5340909090909091,0.5227272727272727,0.5909090909090909
KNN-20,PSYCH_TASK_ATTENTION_SES-1,high_v_low,0.5795454545454546,0.48863636363636365,0.5909090909090909,0.6022727272727273,0.5909090909090909,0.5568181818181818,0.5909090909090909,0.5909090909090909,0.5568181818181818,0.5909090909090909
Logistic Regression,PSYCH_TASK_ATTENTION_SES-2,high_v_low,0.7386363636363636,0.6136363636363636,0.6818181818181818,0.7613636363636364,0.6818181818181818,0.6818181818181818,0.6818181818181818,0.6818181818181818,0.6818181818181818,0.6818181818181818
LDA,PSYCH_TASK_ATTENTION_SES-2,high_v_low,0.5454545454545454,0.36363636363636365,0.6931818181818182,0.6363636363636364,0.6818181818181818,0.6818181818181818,0.6818181818181818,0.6363636363636364,0.4659090909090909,0.6818181818181818
SVM,PSYCH_TASK_ATTENTION_SES-2,high_v_low,0.7272727272727273,0.6704545454545454,0.7159090909090909,0.7159090909090909,0.6818181818181818,0.6818181818181818,0.6818181818181818,0.6818181818181818,0.6818181818181818,0.6818181818181818
KNN-1,PSYCH_TASK_ATTENTION_SES-2,high_v_low,0.5795454545454546,0.5909090909090909,0.6590909090909091,0.6477272727272727,0.5795454545454546,0.5909090909090909,0.3181818181818182,0.5681818181818182,0.5568181818181818,0.6818181818181818
KNN-2,PSYCH_TASK_ATTENTION_SES-2,high_v_low,0.6931818181818182,0.6590909090909091,0.75,0.7613636363636364,0.625,0.6590909090909091,0.6818181818181818,0.6363636363636364,0.6136363636363636,0.6818181818181818
KNN-3,PSYCH_TASK_ATTENTION_SES-2,high_v_low,0.6818181818181818,0.6022727272727273,0.7045454545454546,0.7045454545454546,0.5909090909090909,0.6136363636363636,0.6818181818181818,0.6136363636363636,0.45454545454545453,0.6818181818181818
KNN-4,PSYCH_TASK_ATTENTION_SES-2,high_v_low,0.7045454545454546,0.6477272727272727,0.6931818181818182,0.6931818181818182,0.6363636363636364,0.6477272727272727,0.6818181818181818,0.6590909090909091,0.6704545454545454,0.6818181818181818
KNN-5,PSYCH_TASK_ATTENTION_SES-2,high_v_low,0.7045454545454546,0.6704545454545454,0.6818181818181818,0.6818181818181818,0.5340909090909091,0.625,0.6818181818181818,0.6022727272727273,0.6363636363636364,0.6818181818181818
KNN-6,PSYCH_TASK_ATTENTION_SES-2,high_v_low,0.7272727272727273,0.6136363636363636,0.6818181818181818,0.7045454545454546,0.6818181818181818,0.6363636363636364,0.6818181818181818,0.6477272727272727,0.6704545454545454,0.6818181818181818
KNN-7,PSYCH_TASK_ATTENTION_SES-2,high_v_low,0.7045454545454546,0.5909090909090909,0.7272727272727273,0.7159090909090909,0.6704545454545454,0.5227272727272727,0.6818181818181818,0.6363636363636364,0.6590909090909091,0.6818181818181818
KNN-8,PSYCH_TASK_ATTENTION_SES-2,high_v_low,0.7159090909090909,0.6136363636363636,0.6477272727272727,0.7159090909090909,0.6818181818181818,0.5568181818181818,0.6818181818181818,0.6590909090909091,0.6931818181818182,0.6818181818181818
KNN-9,PSYCH_TASK_ATTENTION_SES-2,high_v_low,0.7045454545454546,0.5909090909090909,0.6136363636363636,0.7272727272727273,0.6818181818181818,0.5909090909090909,0.6818181818181818,0.6704545454545454,0.6931818181818182,0.6818181818181818
KNN-10,PSYCH_TASK_ATTENTION_SES-2,high_v_low,0.7272727272727273,0.6477272727272727,0.6477272727272727,0.7386363636363636,0.6818181818181818,0.625,0.6818181818181818,0.6477272727272727,0.6704545454545454,0.6818181818181818
KNN-20,PSYCH_TASK_ATTENTION_SES-2,high_v_low,0.6818181818181818,0.6818181818181818,0.6818181818181818,0.7272727272727273,0.6818181818181818,0.6363636363636364,0.6818181818181818,0.6818181818181818,0.6818181818181818,0.6818181818181818
Logistic Regression,PSYCH_WEEKLY_ATTENTION_SES-1,high_v_low,0.5681818181818182,0.6136363636363636,0.5454545454545454,0.4772727272727273,0.5454545454545454,0.48863636363636365,0.5454545454545454,0.5454545454545454,0.5454545454545454,0.5454545454545454
LDA,PSYCH_WEEKLY_ATTENTION_SES-1,high_v_low,0.48863636363636365,0.5568181818181818,0.5113636363636364,0.5227272727272727,0.48863636363636365,0.5340909090909091,0.5454545454545454,0.6022727272727273,0.3977272727272727,0.5454545454545454
SVM,PSYCH_WEEKLY_ATTENTION_SES-1,high_v_low,0.5340909090909091,0.6136363636363636,0.5227272727272727,0.6477272727272727,0.6477272727272727,0.5681818181818182,0.5454545454545454,0.5454545454545454,0.5909090909090909,0.5454545454545454
KNN-1,PSYCH_WEEKLY_ATTENTION_SES-1,high_v_low,0.5795454545454546,0.5454545454545454,0.5454545454545454,0.5795454545454546,0.5795454545454546,0.5681818181818182,0.45454545454545453,0.5454545454545454,0.4090909090909091,0.5454545454545454
KNN-2,PSYCH_WEEKLY_ATTENTION_SES-1,high_v_low,0.6931818181818182,0.5909090909090909,0.6363636363636364,0.6022727272727273,0.5681818181818182,0.6136363636363636,0.5454545454545454,0.5681818181818182,0.5568181818181818,0.5454545454545454
KNN-3,PSYCH_WEEKLY_ATTENTION_SES-1,high_v_low,0.6931818181818182,0.5909090909090909,0.5681818181818182,0.5909090909090909,0.5113636363636364,0.5909090909090909,0.5454545454545454,0.4659090909090909,0.5113636363636364,0.5454545454545454
KNN-4,PSYCH_WEEKLY_ATTENTION_SES-1,high_v_low,0.6931818181818182,0.6022727272727273,0.5681818181818182,0.5909090909090909,0.5227272727272727,0.5681818181818182,0.5454545454545454,0.5,0.5568181818181818,0.5454545454545454
KNN-5,PSYCH_WEEKLY_ATTENTION_SES-1,high_v_low,0.6590909090909091,0.5568181818181818,0.5340909090909091,0.6136363636363636,0.5340909090909091,0.625,0.5454545454545454,0.4431818181818182,0.4659090909090909,0.5454545454545454
KNN-6,PSYCH_WEEKLY_ATTENTION_SES-1,high_v_low,0.625,0.5454545454545454,0.5681818181818182,0.5568181818181818,0.6022727272727273,0.6477272727272727,0.5454545454545454,0.4772727272727273,0.5795454545454546,0.5454545454545454
KNN-7,PSYCH_WEEKLY_ATTENTION_SES-1,high_v_low,0.5681818181818182,0.5227272727272727,0.4659090909090909,0.625,0.5681818181818182,0.625,0.5454545454545454,0.4772727272727273,0.5568181818181818,0.5454545454545454
KNN-8,PSYCH_WEEKLY_ATTENTION_SES-1,high_v_low,0.5909090909090909,0.5909090909090909,0.4318181818181818,0.5113636363636364,0.5681818181818182,0.6136363636363636,0.5454545454545454,0.5227272727272727,0.5681818181818182,0.5454545454545454
KNN-9,PSYCH_WEEKLY_ATTENTION_SES-1,high_v_low,0.5795454545454546,0.5340909090909091,0.4659090909090909,0.5568181818181818,0.5113636363636364,0.5454545454545454,0.5454545454545454,0.48863636363636365,0.5,0.5454545454545454
KNN-10,PSYCH_WEEKLY_ATTENTION_SES-1,high_v_low,0.5681818181818182,0.6022727272727273,0.5113636363636364,0.5681818181818182,0.48863636363636365,0.5909090909090909,0.5454545454545454,0.4659090909090909,0.5568181818181818,0.5454545454545454
KNN-20,PSYCH_WEEKLY_ATTENTION_SES-1,high_v_low,0.5568181818181818,0.5795454545454546,0.5113636363636364,0.5340909090909091,0.5340909090909091,0.5909090909090909,0.5454545454545454,0.5454545454545454,0.5454545454545454,0.5454545454545454
Logistic Regression,PSYCH_WEEKLY_ATTENTION_SES-2,high_v_low,0.6818181818181818,0.6136363636363636,0.6818181818181818,0.6818181818181818,0.6818181818181818,0.6818181818181818,0.6818181818181818,0.6931818181818182,0.6818181818181818,0.6818181818181818
LDA,PSYCH_WEEKLY_ATTENTION_SES-2,high_v_low,0.4431818181818182,0.4772727272727273,0.6704545454545454,0.5909090909090909,0.6818181818181818,0.6590909090909091,0.6818181818181818,0.5568181818181818,0.5681818181818182,0.6818181818181818
SVM,PSYCH_WEEKLY_ATTENTION_SES-2,high_v_low,0.6818181818181818,0.6590909090909091,0.6818181818181818,0.6818181818181818,0.7045454545454546,0.6704545454545454,0.6818181818181818,0.6590909090909091,0.6818181818181818,0.6818181818181818
KNN-1,PSYCH_WEEKLY_ATTENTION_SES-2,high_v_low,0.6818181818181818,0.5340909090909091,0.6818181818181818,0.5681818181818182,0.6136363636363636,0.6136363636363636,0.3181818181818182,0.5,0.5454545454545454,0.6818181818181818
KNN-2,PSYCH_WEEKLY_ATTENTION_SES-2,high_v_low,0.6931818181818182,0.6022727272727273,0.7045454545454546,0.625,0.6818181818181818,0.6363636363636364,0.6818181818181818,0.6931818181818182,0.6704545454545454,0.6818181818181818
KNN-3,PSYCH_WEEKLY_ATTENTION_SES-2,high_v_low,0.7386363636363636,0.6136363636363636,0.6363636363636364,0.5795454545454546,0.6818181818181818,0.625,0.6818181818181818,0.5681818181818182,0.5909090909090909,0.6818181818181818
KNN-4,PSYCH_WEEKLY_ATTENTION_SES-2,high_v_low,0.7386363636363636,0.625,0.6704545454545454,0.6477272727272727,0.6818181818181818,0.5909090909090909,0.6818181818181818,0.6363636363636364,0.6931818181818182,0.6818181818181818
KNN-5,PSYCH_WEEKLY_ATTENTION_SES-2,high_v_low,0.7613636363636364,0.5568181818181818,0.5568181818181818,0.5909090909090909,0.6477272727272727,0.6136363636363636,0.6818181818181818,0.6022727272727273,0.6477272727272727,0.6818181818181818
KNN-6,PSYCH_WEEKLY_ATTENTION_SES-2,high_v_low,0.6704545454545454,0.6136363636363636,0.6818181818181818,0.6022727272727273,0.6818181818181818,0.6477272727272727,0.6818181818181818,0.6704545454545454,0.6704545454545454,0.6818181818181818
KNN-7,PSYCH_WEEKLY_ATTENTION_SES-2,high_v_low,0.6590909090909091,0.6022727272727273,0.6818181818181818,0.5795454545454546,0.6363636363636364,0.6931818181818182,0.6818181818181818,0.625,0.6931818181818182,0.6818181818181818
KNN-8,PSYCH_WEEKLY_ATTENTION_SES-2,high_v_low,0.6818181818181818,0.625,0.7159090909090909,0.6477272727272727,0.6363636363636364,0.6590909090909091,0.6818181818181818,0.6818181818181818,0.6818181818181818,0.6818181818181818
KNN-9,PSYCH_WEEKLY_ATTENTION_SES-2,high_v_low,0.7045454545454546,0.5795454545454546,0.7159090909090909,0.6363636363636364,0.6931818181818182,0.625,0.6818181818181818,0.6590909090909091,0.6704545454545454,0.6818181818181818
KNN-10,PSYCH_WEEKLY_ATTENTION_SES-2,high_v_low,0.6931818181818182,0.625,0.6931818181818182,0.6477272727272727,0.6363636363636364,0.6704545454545454,0.6818181818181818,0.6704545454545454,0.6704545454545454,0.6818181818181818
KNN-20,PSYCH_WEEKLY_ATTENTION_SES-2,high_v_low,0.7386363636363636,0.6704545454545454,0.6704545454545454,0.6590909090909091,0.6818181818181818,0.6818181818181818,0.6818181818181818,0.6818181818181818,0.6818181818181818,0.6818181818181818
Logistic Regression,PARKINSONS,control_v_parkinsons,0.6,0.575,0.53,0.59,0.355,0.535,0.0,0.55,0.525,0.5
LDA,PARKINSONS,control_v_parkinsons,0.495,0.5,0.54,0.615,0.355,0.535,0.0,0.51,0.53,0.5
SVM,PARKINSONS,control_v_parkinsons,0.585,0.66,0.58,0.63,0.515,0.525,0.0,0.535,0.545,0.5
KNN-1,PARKINSONS,control_v_parkinsons,0.585,0.52,0.505,0.64,0.42,0.62,0.5,0.51,0.505,0.5
KNN-2,PARKINSONS,control_v_parkinsons,0.565,0.515,0.53,0.635,0.5,0.52,0.5,0.505,0.51,0.5
KNN-3,PARKINSONS,control_v_parkinsons,0.59,0.55,0.5,0.63,0.36,0.53,0.5,0.485,0.48,0.5
KNN-4,PARKINSONS,control_v_parkinsons,0.56,0.545,0.505,0.63,0.515,0.525,0.5,0.48,0.515,0.5
KNN-5,PARKINSONS,control_v_parkinsons,0.57,0.56,0.505,0.615,0.525,0.51,0.5,0.53,0.48,0.5
KNN-6,PARKINSONS,control_v_parkinsons,0.535,0.585,0.545,0.605,0.525,0.51,0.5,0.5,0.445,0.5
KNN-7,PARKINSONS,control_v_parkinsons,0.56,0.58,0.545,0.635,0.51,0.49,0.5,0.52,0.44,0.5
KNN-8,PARKINSONS,control_v_parkinsons,0.55,0.56,0.51,0.655,0.51,0.455,0.5,0.49,0.45,0.5
KNN-9,PARKINSONS,control_v_parkinsons,0.55,0.58,0.515,0.62,0.545,0.45,0.5,0.5,0.445,0.5
KNN-10,PARKINSONS,control_v_parkinsons,0.575,0.57,0.53,0.625,0.47,0.425,0.5,0.495,0.435,0.5
KNN-20,PARKINSONS,control_v_parkinsons,0.545,0.58,0.555,0.58,0.565,0.42,0.5,0.495,0.51,0.5
Logistic Regression,PARKINSONS,control_pre_v_park_pre,0.6521739130434783,0.5543478260869565,0.6123188405797102,0.6268115942028986,0.5434782608695652,0.5217391304347826,0.5434782608695652,0.5144927536231884,0.4963768115942029,0.5434782608695652
LDA,PARKINSONS,control_pre_v_park_pre,0.6376811594202898,0.5434782608695652,0.6123188405797102,0.6304347826086957,0.5434782608695652,0.4855072463768116,0.5434782608695652,0.463768115942029,0.5289855072463768,0.5434782608695652
SVM,PARKINSONS,control_pre_v_park_pre,0.6847826086956522,0.5507246376811594,0.5978260869565217,0.6702898550724637,0.5434782608695652,0.42391304347826086,0.5434782608695652,0.5072463768115942,0.5398550724637681,0.5434782608695652
KNN-1,PARKINSONS,control_pre_v_park_pre,0.7934782608695652,0.4855072463768116,0.5108695652173914,0.6630434782608695,0.463768115942029,0.5434782608695652,0.5434782608695652,0.5181159420289855,0.5144927536231884,0.5434782608695652
KNN-2,PARKINSONS,control_pre_v_park_pre,0.7644927536231884,0.4963768115942029,0.5615942028985508,0.6340579710144928,0.47101449275362317,0.6195652173913043,0.5434782608695652,0.4673913043478261,0.5579710144927537,0.5434782608695652
KNN-3,PARKINSONS,control_pre_v_park_pre,0.7717391304347826,0.48188405797101447,0.532608695652174,0.6920289855072463,0.5652173913043478,0.6195652173913043,0.5434782608695652,0.47101449275362317,0.5543478260869565,0.5434782608695652
KNN-4,PARKINSONS,control_pre_v_park_pre,0.7391304347826086,0.4855072463768116,0.572463768115942,0.6666666666666666,0.4528985507246377,0.6123188405797102,0.5434782608695652,0.463768115942029,0.5652173913043478,0.5434782608695652
KNN-5,PARKINSONS,control_pre_v_park_pre,0.7898550724637681,0.45652173913043476,0.5471014492753623,0.6847826086956522,0.4891304347826087,0.5905797101449275,0.5434782608695652,0.4528985507246377,0.5507246376811594,0.5434782608695652
KNN-6,PARKINSONS,control_pre_v_park_pre,0.75,0.48188405797101447,0.5543478260869565,0.6521739130434783,0.5072463768115942,0.5253623188405797,0.5434782608695652,0.4420289855072464,0.5543478260869565,0.5434782608695652
KNN-7,PARKINSONS,control_pre_v_park_pre,0.7753623188405797,0.463768115942029,0.5181159420289855,0.6884057971014492,0.5144927536231884,0.5181159420289855,0.5434782608695652,0.45652173913043476,0.5507246376811594,0.5434782608695652
KNN-8,PARKINSONS,control_pre_v_park_pre,0.7427536231884058,0.5,0.5615942028985508,0.6739130434782609,0.572463768115942,0.5181159420289855,0.5434782608695652,0.4420289855072464,0.5471014492753623,0.5434782608695652
KNN-9,PARKINSONS,control_pre_v_park_pre,0.7355072463768116,0.4963768115942029,0.5253623188405797,0.6702898550724637,0.5688405797101449,0.5036231884057971,0.5434782608695652,0.41304347826086957,0.532608695652174,0.5434782608695652
KNN-10,PARKINSONS,control_pre_v_park_pre,0.6847826086956522,0.5036231884057971,0.5434782608695652,0.6666666666666666,0.5072463768115942,0.5108695652173914,0.5434782608695652,0.4601449275362319,0.5217391304347826,0.5434782608695652
KNN-20,PARKINSONS,control_pre_v_park_pre,0.717391304347826,0.5434782608695652,0.5905797101449275,0.5615942028985508,0.5217391304347826,0.5434782608695652,0.5434782608695652,0.4963768115942029,0.5181159420289855,0.5434782608695652
Logistic Regression,REFLECT_SUMMED,rest_v_task,0.9935483870967742,,0.8,0.9483870967741935,0.8,0.8,0.8,0.8,0.8193548387096774,0.8
LDA,REFLECT_SUMMED,rest_v_task,0.4967741935483871,,0.7612903225806451,0.9612903225806452,0.8,0.8193548387096774,0.8,0.7161290322580646,0.6838709677419355,0.8
SVM,REFLECT_SUMMED,rest_v_task,0.9870967741935484,,0.8,0.9741935483870968,0.7935483870967742,0.8,0.8,0.8,0.8193548387096774,0.8
KNN-1,REFLECT_SUMMED,rest_v_task,0.9870967741935484,,0.7354838709677419,0.967741935483871,0.9870967741935484,0.9935483870967742,0.8,0.6709677419354839,0.832258064516129,0.8
KNN-2,REFLECT_SUMMED,rest_v_task,0.9870967741935484,,0.6451612903225806,0.9612903225806452,0.9935483870967742,0.9935483870967742,0.8,0.6451612903225806,0.8258064516129032,0.8
KNN-3,REFLECT_SUMMED,rest_v_task,0.9870967741935484,,0.7483870967741936,0.9741935483870968,0.9935483870967742,0.9935483870967742,0.8,0.7741935483870968,0.8903225806451613,0.8
KNN-4,REFLECT_SUMMED,rest_v_task,0.9870967741935484,,0.7483870967741936,0.9612903225806452,0.9935483870967742,0.9935483870967742,0.21935483870967742,0.7225806451612903,0.896774193548387,0.8
KNN-5,REFLECT_SUMMED,rest_v_task,0.9870967741935484,,0.7806451612903226,0.967741935483871,0.9935483870967742,0.9741935483870968,0.21935483870967742,0.7870967741935484,0.8838709677419355,0.8
KNN-6,REFLECT_SUMMED,rest_v_task,0.9870967741935484,,0.8064516129032258,0.9612903225806452,0.967741935483871,0.9741935483870968,0.21935483870967742,0.7870967741935484,0.896774193548387,0.8
KNN-7,REFLECT_SUMMED,rest_v_task,0.9870967741935484,,0.7935483870967742,0.9741935483870968,0.967741935483871,0.9483870967741935,0.21935483870967742,0.8064516129032258,0.8903225806451613,0.8
KNN-8,REFLECT_SUMMED,rest_v_task,0.9870967741935484,,0.7806451612903226,0.967741935483871,0.9612903225806452,0.9161290322580645,0.2,0.8,0.8903225806451613,0.8
KNN-9,REFLECT_SUMMED,rest_v_task,0.9870967741935484,,0.7870967741935484,0.9741935483870968,0.9290322580645162,0.9161290322580645,0.2,0.7935483870967742,0.896774193548387,0.8
KNN-10,REFLECT_SUMMED,rest_v_task,0.9870967741935484,,0.8129032258064516,0.967741935483871,0.9290322580645162,0.9354838709677419,0.2,0.8,0.896774193548387,0.8
KNN-20,REFLECT_SUMMED,rest_v_task,0.9935483870967742,,0.7677419354838709,0.9290322580645162,0.8774193548387097,0.8838709677419355,0.2,0.8193548387096774,0.896774193548387,0.8
Logistic Regression,REFLECT_INTERLEAVED,rest_v_task,1.0,,0.9354838709677419,1.0,0.8,0.8,0.8,0.8,0.8,0.8
LDA,REFLECT_INTERLEAVED,rest_v_task,0.5806451612903226,,0.9870967741935484,1.0,0.8,0.8258064516129032,0.8,0.7290322580645161,0.6387096774193548,0.8
SVM,REFLECT_INTERLEAVED,rest_v_task,1.0,,0.9870967741935484,0.9870967741935484,0.9419354838709677,0.8258064516129032,0.8,0.8,0.8709677419354839,0.8
KNN-1,REFLECT_INTERLEAVED,rest_v_task,0.9870967741935484,,1.0,0.9935483870967742,0.9483870967741935,0.9741935483870968,0.8,0.7935483870967742,0.864516129032258,0.8
KNN-2,REFLECT_INTERLEAVED,rest_v_task,0.9741935483870968,,1.0,0.9935483870967742,0.9483870967741935,0.9612903225806452,0.7935483870967742,0.7419354838709677,0.8516129032258064,0.8
KNN-3,REFLECT_INTERLEAVED,rest_v_task,0.9741935483870968,,1.0,0.9935483870967742,0.9483870967741935,0.9483870967741935,0.7935483870967742,0.8387096774193549,0.9032258064516129,0.8
KNN-4,REFLECT_INTERLEAVED,rest_v_task,0.9741935483870968,,1.0,0.9935483870967742,0.9483870967741935,0.9483870967741935,0.27741935483870966,0.8064516129032258,0.9096774193548387,0.8
KNN-5,REFLECT_INTERLEAVED,rest_v_task,0.9806451612903225,,0.9935483870967742,0.9935483870967742,0.9483870967741935,0.9483870967741935,0.27741935483870966,0.8387096774193549,0.9225806451612903,0.8
KNN-6,REFLECT_INTERLEAVED,rest_v_task,0.9741935483870968,,1.0,0.9935483870967742,0.9483870967741935,0.9483870967741935,0.2645161290322581,0.8516129032258064,0.9225806451612903,0.8
KNN-7,REFLECT_INTERLEAVED,rest_v_task,0.9741935483870968,,0.9806451612903225,0.9935483870967742,0.9225806451612903,0.9483870967741935,0.2645161290322581,0.8451612903225807,0.9161290322580645,0.8
KNN-8,REFLECT_INTERLEAVED,rest_v_task,0.9741935483870968,,0.9935483870967742,0.9935483870967742,0.9225806451612903,0.9483870967741935,0.2645161290322581,0.8387096774193549,0.9225806451612903,0.8
KNN-9,REFLECT_INTERLEAVED,rest_v_task,0.967741935483871,,0.9870967741935484,0.9935483870967742,0.9419354838709677,0.9161290322580645,0.2645161290322581,0.8193548387096774,0.9032258064516129,0.8
KNN-10,REFLECT_INTERLEAVED,rest_v_task,0.9741935483870968,,0.9870967741935484,0.9935483870967742,0.9419354838709677,0.9161290322580645,0.2645161290322581,0.8258064516129032,0.9032258064516129,0.8
KNN-20,REFLECT_INTERLEAVED,rest_v_task,0.9290322580645162,,0.9870967741935484,0.9806451612903225,0.9419354838709677,0.8258064516129032,0.2645161290322581,0.832258064516129,0.9161290322580645,0.8
