Dataset,Comparison,Algorithm,Raw Eigs,Unfolded,Largest,Largest20,Noise,Noise (shift),Brody,Rigidity,Levelvar,Guess,Mean (all),Mean (obs),Mean (spec),Max (all),Max (obs),Max (spec)
LEARNING,rest_v_task,Logistic Regression,0.8078703703703703,0.8194444444444444,0.8888888888888888,0.8819444444444444,0.8888888888888888,0.8888888888888888,0.8888888888888888,0.8888888888888888,0.8888888888888888,0.8888888888888888,-0.017489711934156382,1.1102230246251563e-16,0.0,0.0,0.0,0.0
LEARNING,rest_v_task,LDA,0.7708333333333334,0.7777777777777778,0.8888888888888888,0.8773148148148148,0.8888888888888888,0.8888888888888888,0.8888888888888888,0.8888888888888888,0.8541666666666666,0.8888888888888888,-0.032921810699588334,-0.008796296296296302,-0.014660493827160503,0.0,0.0,0.0
LEARNING,rest_v_task,SVM,0.8888888888888888,0.8888888888888888,0.8888888888888888,0.8888888888888888,0.8888888888888888,0.8888888888888888,0.8888888888888888,0.8888888888888888,0.8888888888888888,0.8888888888888888,0.0,1.1102230246251563e-16,0.0,0.0,0.0,0.0
LEARNING,rest_v_task,KNN-1,0.8101851851851852,0.8217592592592593,0.7824074074074074,0.8148148148148148,0.5879629629629629,0.7800925925925926,0.8773148148148148,0.8263888888888888,0.8263888888888888,0.8888888888888888,-0.09953703703703708,-0.11203703703703694,-0.050154320987654384,-0.01157407407407407,-0.01157407407407407,-0.01157407407407407
LEARNING,rest_v_task,KNN-2,0.7245370370370371,0.7430555555555556,0.7152777777777778,0.7199074074074074,0.5486111111111112,0.7314814814814815,0.8726851851851852,0.7615740740740741,0.7476851851851852,0.8888888888888888,-0.16177983539094656,-0.1601851851851852,-0.1010802469135802,-0.01620370370370361,-0.01620370370370361,-0.01620370370370361
LEARNING,rest_v_task,KNN-3,0.8680555555555556,0.875,0.8587962962962963,0.8657407407407407,0.8171296296296297,0.8032407407407407,0.8888888888888888,0.8703703703703703,0.8773148148148148,0.8888888888888888,-0.032921810699588334,-0.03888888888888886,-0.012345679012345623,0.0,0.0,0.0
LEARNING,rest_v_task,KNN-4,0.8541666666666666,0.8587962962962963,0.8425925925925926,0.8495370370370371,0.8101851851851852,0.7777777777777778,0.8888888888888888,0.8611111111111112,0.8680555555555556,0.8888888888888888,-0.04629629629629628,-0.04814814814814805,-0.016975308641975384,0.0,0.0,0.0
LEARNING,rest_v_task,KNN-5,0.8888888888888888,0.8865740740740741,0.8888888888888888,0.8865740740740741,0.8680555555555556,0.8796296296296297,0.8888888888888888,0.8865740740740741,0.8865740740740741,0.8888888888888888,-0.005658436213991647,-0.0092592592592593,-0.005401234567901203,0.0,0.0,0.0
LEARNING,rest_v_task,KNN-6,0.8865740740740741,0.8842592592592593,0.8842592592592593,0.8865740740740741,0.8657407407407407,0.875,0.8888888888888888,0.8842592592592593,0.8819444444444444,0.8888888888888888,-0.00874485596707808,-0.012962962962962843,-0.009259259259259191,0.0,0.0,0.0
LEARNING,rest_v_task,KNN-7,0.8888888888888888,0.8912037037037037,0.8888888888888888,0.8888888888888888,0.8703703703703703,0.8773148148148148,0.8888888888888888,0.8888888888888888,0.8888888888888888,0.8888888888888888,-0.003343621399176877,-0.0064814814814814214,-0.0007716049382716639,0.002314814814814881,0.0,0.0
LEARNING,rest_v_task,KNN-8,0.8865740740740741,0.8865740740740741,0.8888888888888888,0.8888888888888888,0.8634259259259259,0.8773148148148148,0.8888888888888888,0.8888888888888888,0.8865740740740741,0.8888888888888888,-0.0059156378600822,-0.008333333333333305,-0.0015432098765431055,0.0,0.0,0.0
LEARNING,rest_v_task,KNN-9,0.8888888888888888,0.8888888888888888,0.8888888888888888,0.8888888888888888,0.8888888888888888,0.8773148148148148,0.8888888888888888,0.8888888888888888,0.8888888888888888,0.8888888888888888,-0.0015432098765432167,-0.002777777777777768,-0.0007716049382716639,0.0,0.0,0.0
LEARNING,rest_v_task,KNN-10,0.8865740740740741,0.8888888888888888,0.8888888888888888,0.8888888888888888,0.8888888888888888,0.8773148148148148,0.8888888888888888,0.8888888888888888,0.8865740740740741,0.8888888888888888,-0.002314814814814881,-0.0032407407407407662,-0.0015432098765432167,0.0,0.0,0.0
LEARNING,rest_v_task,KNN-20,0.8888888888888888,0.8888888888888888,0.8888888888888888,0.8888888888888888,0.8888888888888888,0.8888888888888888,0.8888888888888888,0.8888888888888888,0.8888888888888888,0.8888888888888888,0.0,1.1102230246251563e-16,0.0,0.0,0.0,0.0
OSTEO,allpain_v_nopain,Logistic Regression,0.5789473684210527,,0.7368421052631579,0.6973684210526315,0.7368421052631579,0.7368421052631579,0.7368421052631579,0.7368421052631579,0.75,0.7368421052631579,-0.023026315789473676,0.002631578947368429,0.0043859649122808255,0.013157894736842146,0.013157894736842146,0.013157894736842146
OSTEO,allpain_v_nopain,LDA,0.4868421052631579,,0.75,0.7105263157894737,0.7368421052631579,0.7368421052631579,0.7368421052631579,0.6578947368421053,0.6052631578947368,0.7368421052631579,-0.07072368421052623,-0.06052631578947365,-0.10087719298245612,0.013157894736842146,0.0,0.0
OSTEO,allpain_v_nopain,SVM,0.7368421052631579,,0.75,0.7368421052631579,0.7368421052631579,0.7236842105263158,0.7368421052631579,0.7368421052631579,0.7368421052631579,0.7368421052631579,0.0,-0.002631578947368429,0.0,0.013157894736842146,0.0,0.0
OSTEO,allpain_v_nopain,KNN-1,0.6973684210526315,,0.6973684210526315,0.6973684210526315,0.6447368421052632,0.6052631578947368,0.4605263157894737,0.6973684210526315,0.7368421052631579,0.7368421052631579,-0.10526315789473684,-0.14473684210526316,-0.16666666666666666,0.0,0.0,0.0
OSTEO,allpain_v_nopain,KNN-2,0.7368421052631579,,0.7368421052631579,0.7368421052631579,0.7368421052631579,0.7236842105263158,0.7631578947368421,0.7368421052631579,0.8026315789473685,0.7368421052631579,-0.00164473684210531,-0.002631578947368429,1.1102230246251563e-16,0.06578947368421062,0.06578947368421062,0.06578947368421062
OSTEO,allpain_v_nopain,KNN-3,0.6578947368421053,,0.7368421052631579,0.6578947368421053,0.7368421052631579,0.7236842105263158,0.75,0.7631578947368421,0.75,0.7368421052631579,-0.02796052631578949,-0.013157894736842146,-0.01754385964912275,0.02631578947368429,0.02631578947368429,0.02631578947368429
OSTEO,allpain_v_nopain,KNN-4,0.7368421052631579,,0.7236842105263158,0.7368421052631579,0.7368421052631579,0.7368421052631579,0.75,0.75,0.8026315789473685,0.7368421052631579,-0.003289473684210509,-0.002631578947368429,-0.0043859649122806035,0.06578947368421062,0.06578947368421062,0.06578947368421062
OSTEO,allpain_v_nopain,KNN-5,0.7105263157894737,,0.6842105263157895,0.7105263157894737,0.7368421052631579,0.7236842105263158,0.7368421052631579,0.7763157894736842,0.7368421052631579,0.7368421052631579,-0.023026315789473558,-0.01578947368421046,-0.021929824561403573,0.039473684210526334,0.039473684210526334,0.039473684210526334
OSTEO,allpain_v_nopain,KNN-6,0.7105263157894737,,0.7236842105263158,0.7236842105263158,0.7368421052631579,0.7368421052631579,0.7368421052631579,0.7763157894736842,0.75,0.7368421052631579,-0.006578947368421129,0.0,0.0,0.039473684210526334,0.039473684210526334,0.039473684210526334
OSTEO,allpain_v_nopain,KNN-7,0.6842105263157895,,0.7763157894736842,0.6842105263157895,0.7368421052631579,0.7368421052631579,0.7368421052631579,0.8289473684210527,0.7236842105263158,0.7368421052631579,-0.009868421052631526,-0.002631578947368429,-0.0043859649122807145,0.0921052631578948,0.0921052631578948,0.0921052631578948
OSTEO,allpain_v_nopain,KNN-8,0.6842105263157895,,0.75,0.6842105263157895,0.7368421052631579,0.7368421052631579,0.7368421052631579,0.7894736842105263,0.7763157894736842,0.7368421052631579,-0.009868421052631636,0.0026315789473683178,0.0043859649122806035,0.05263157894736848,0.05263157894736848,0.05263157894736848
OSTEO,allpain_v_nopain,KNN-9,0.6842105263157895,,0.7368421052631579,0.6842105263157895,0.7368421052631579,0.7368421052631579,0.7368421052631579,0.8157894736842105,0.7236842105263158,0.7368421052631579,-0.013157894736842146,0.0,0.0,0.07894736842105265,0.07894736842105265,0.07894736842105265
OSTEO,allpain_v_nopain,KNN-10,0.7236842105263158,,0.7631578947368421,0.7236842105263158,0.7368421052631579,0.7368421052631579,0.7368421052631579,0.8026315789473685,0.7368421052631579,0.7368421052631579,0.0016447368421054211,0.002631578947368429,0.0043859649122808255,0.06578947368421062,0.06578947368421062,0.06578947368421062
OSTEO,allpain_v_nopain,KNN-20,0.7368421052631579,,0.7368421052631579,0.7368421052631579,0.7368421052631579,0.7368421052631579,0.7368421052631579,0.75,0.7368421052631579,0.7368421052631579,-1.1102230246251563e-16,0.0,0.0,0.013157894736842146,0.013157894736842146,0.013157894736842146
OSTEO,allpain_v_duloxetine,Logistic Regression,0.44,,0.7466666666666667,0.6,0.7466666666666667,0.7466666666666667,0.7466666666666667,0.7466666666666667,0.7333333333333333,0.7466666666666667,-0.05833333333333335,-0.002666666666666706,-0.004444444444444473,0.0,0.0,0.0
OSTEO,allpain_v_duloxetine,LDA,0.4266666666666667,,0.7466666666666667,0.5466666666666666,0.7466666666666667,0.7333333333333333,0.7466666666666667,0.6933333333333334,0.5466666666666666,0.7466666666666667,-0.10833333333333328,-0.06933333333333336,-0.11111111111111116,0.0,0.0,0.0
OSTEO,allpain_v_duloxetine,SVM,0.7466666666666667,,0.7466666666666667,0.7466666666666667,0.7466666666666667,0.7333333333333333,0.7466666666666667,0.7466666666666667,0.7466666666666667,0.7466666666666667,-0.001666666666666594,-0.002666666666666706,0.0,0.0,0.0,0.0
OSTEO,allpain_v_duloxetine,KNN-1,0.4533333333333333,,0.4666666666666667,0.4533333333333333,0.5333333333333333,0.44,0.64,0.44,0.48,0.7466666666666667,-0.2616666666666668,-0.2453333333333334,-0.23555555555555566,-0.10666666666666667,-0.10666666666666667,-0.10666666666666667
OSTEO,allpain_v_duloxetine,KNN-2,0.7333333333333333,,0.72,0.7333333333333333,0.7333333333333333,0.7333333333333333,0.7466666666666667,0.72,0.7066666666666667,0.7466666666666667,-0.020000000000000014,-0.021333333333333315,-0.026666666666666616,0.0,0.0,0.0
OSTEO,allpain_v_duloxetine,KNN-3,0.6133333333333333,,0.6533333333333333,0.6133333333333333,0.7333333333333333,0.7066666666666667,0.7466666666666667,0.6266666666666667,0.6133333333333333,0.7466666666666667,-0.08500000000000008,-0.06399999999999995,-0.0888888888888888,0.0,0.0,0.0
OSTEO,allpain_v_duloxetine,KNN-4,0.7466666666666667,,0.7466666666666667,0.7466666666666667,0.7466666666666667,0.72,0.7466666666666667,0.7466666666666667,0.7466666666666667,0.7466666666666667,-0.0049999999999998926,-0.008000000000000007,-0.004444444444444473,0.0,0.0,0.0
OSTEO,allpain_v_duloxetine,KNN-5,0.6666666666666666,,0.7466666666666667,0.6666666666666666,0.7466666666666667,0.7066666666666667,0.7466666666666667,0.7333333333333333,0.7333333333333333,0.7466666666666667,-0.030000000000000027,-0.016000000000000014,-0.013333333333333308,0.0,0.0,0.0
OSTEO,allpain_v_duloxetine,KNN-6,0.7466666666666667,,0.7466666666666667,0.7466666666666667,0.7466666666666667,0.7333333333333333,0.7466666666666667,0.7466666666666667,0.7466666666666667,0.7466666666666667,-0.001666666666666594,-0.002666666666666706,0.0,0.0,0.0,0.0
OSTEO,allpain_v_duloxetine,KNN-7,0.7333333333333333,,0.7466666666666667,0.7333333333333333,0.7466666666666667,0.7333333333333333,0.7466666666666667,0.7466666666666667,0.7466666666666667,0.7466666666666667,-0.0066666666666665994,-0.005333333333333412,-0.004444444444444473,0.0,0.0,0.0
OSTEO,allpain_v_duloxetine,KNN-8,0.7466666666666667,,0.7466666666666667,0.7466666666666667,0.7466666666666667,0.7466666666666667,0.7466666666666667,0.7466666666666667,0.7466666666666667,0.7466666666666667,0.0,0.0,0.0,0.0,0.0,0.0
OSTEO,allpain_v_duloxetine,KNN-9,0.7333333333333333,,0.7466666666666667,0.7333333333333333,0.7466666666666667,0.7466666666666667,0.7466666666666667,0.7466666666666667,0.7466666666666667,0.7466666666666667,-0.0033333333333332997,0.0,0.0,0.0,0.0,0.0
OSTEO,allpain_v_duloxetine,KNN-10,0.7466666666666667,,0.7466666666666667,0.7466666666666667,0.7466666666666667,0.7466666666666667,0.7466666666666667,0.7466666666666667,0.7466666666666667,0.7466666666666667,0.0,0.0,0.0,0.0,0.0,0.0
OSTEO,allpain_v_duloxetine,KNN-20,0.7466666666666667,,0.7466666666666667,0.7466666666666667,0.7466666666666667,0.7466666666666667,0.7466666666666667,0.7466666666666667,0.7466666666666667,0.7466666666666667,0.0,0.0,0.0,0.0,0.0,0.0
OSTEO,allpain_v_pain,Logistic Regression,0.15053763440860216,,0.6021505376344086,0.3010752688172043,0.6021505376344086,0.6021505376344086,0.6021505376344086,0.6021505376344086,0.6344086021505376,0.6021505376344086,-0.09139784946236552,0.004301075268817178,0.007168458781362075,0.032258064516129004,0.032258064516129004,0.032258064516129004
OSTEO,allpain_v_pain,LDA,0.16129032258064516,,0.6021505376344086,0.3118279569892473,0.6021505376344086,0.5376344086021505,0.6021505376344086,0.5483870967741935,0.5698924731182796,0.6021505376344086,-0.11424731182795705,-0.036559139784946286,-0.03942652329749108,0.0,0.0,0.0
OSTEO,allpain_v_pain,SVM,0.6021505376344086,,0.6021505376344086,0.6021505376344086,0.5913978494623656,0.5913978494623656,0.6021505376344086,0.6021505376344086,0.6021505376344086,0.6021505376344086,-0.0026881720430107503,-0.004301075268817178,0.0,0.0,0.0,0.0
OSTEO,allpain_v_pain,KNN-1,0.16129032258064516,,0.1720430107526882,0.16129032258064516,0.5913978494623656,0.5053763440860215,0.4301075268817205,0.27956989247311825,0.1935483870967742,0.6021505376344086,-0.2943548387096775,-0.2086021505376344,-0.31182795698924737,-0.010752688172043,-0.010752688172043,-0.17204301075268813
OSTEO,allpain_v_pain,KNN-2,0.5376344086021505,,0.5591397849462365,0.5376344086021505,0.6021505376344086,0.6021505376344086,0.6021505376344086,0.5268817204301075,0.5053763440860215,0.6021505376344086,-0.04569892473118287,-0.038709677419354833,-0.06451612903225812,0.0,0.0,0.0
OSTEO,allpain_v_pain,KNN-3,0.2903225806451613,,0.3225806451612903,0.2903225806451613,0.5913978494623656,0.5053763440860215,0.6021505376344086,0.3225806451612903,0.27956989247311825,0.6021505376344086,-0.20564516129032265,-0.1483870967741936,-0.2114695340501792,0.0,0.0,0.0
OSTEO,allpain_v_pain,KNN-4,0.5698924731182796,,0.5376344086021505,0.5698924731182796,0.5913978494623656,0.5698924731182796,0.6021505376344086,0.5161290322580645,0.5053763440860215,0.6021505376344086,-0.047043010752688234,-0.049462365591397835,-0.06810035842293916,0.0,0.0,0.0
OSTEO,allpain_v_pain,KNN-5,0.3870967741935484,,0.41935483870967744,0.3763440860215054,0.5483870967741935,0.5483870967741935,0.6021505376344086,0.3870967741935484,0.3655913978494624,0.6021505376344086,-0.14784946236559146,-0.1118279569892473,-0.15053763440860213,0.0,0.0,0.0
OSTEO,allpain_v_pain,KNN-6,0.5698924731182796,,0.5591397849462365,0.5698924731182796,0.5591397849462365,0.5376344086021505,0.6021505376344086,0.5806451612903226,0.5913978494623656,0.6021505376344086,-0.03360215053763449,-0.03225806451612912,-0.01792114695340496,0.0,0.0,0.0
OSTEO,allpain_v_pain,KNN-7,0.4408602150537633,,0.41935483870967744,0.4408602150537633,0.5053763440860215,0.4946236559139785,0.6021505376344086,0.4516129032258064,0.5161290322580645,0.6021505376344086,-0.11827956989247318,-0.08817204301075278,-0.07885304659498216,0.0,0.0,0.0
OSTEO,allpain_v_pain,KNN-8,0.5913978494623656,,0.5268817204301075,0.5913978494623656,0.5698924731182796,0.5806451612903226,0.6021505376344086,0.5698924731182796,0.5806451612903226,0.6021505376344086,-0.03225806451612912,-0.032258064516129004,-0.035842293906810034,0.0,0.0,0.0
OSTEO,allpain_v_pain,KNN-9,0.4838709677419355,,0.4623655913978494,0.4838709677419355,0.5483870967741935,0.5483870967741935,0.6021505376344086,0.5161290322580645,0.4946236559139785,0.6021505376344086,-0.08467741935483875,-0.06021505376344094,-0.06451612903225812,0.0,0.0,0.0
OSTEO,allpain_v_pain,KNN-10,0.5913978494623656,,0.5913978494623656,0.5913978494623656,0.5913978494623656,0.5591397849462365,0.6021505376344086,0.5806451612903226,0.5913978494623656,0.6021505376344086,-0.017473118279569873,-0.021505376344086117,-0.01792114695340496,0.0,0.0,0.0
OSTEO,allpain_v_pain,KNN-20,0.6021505376344086,,0.6021505376344086,0.6021505376344086,0.6021505376344086,0.6021505376344086,0.6021505376344086,0.6021505376344086,0.6021505376344086,0.6021505376344086,0.0,0.0,0.0,0.0,0.0,0.0
OSTEO,nopain_v_pain,Logistic Regression,0.5263157894736842,0.5614035087719298,0.6491228070175439,0.6140350877192983,0.6491228070175439,0.6491228070175439,0.6491228070175439,0.6491228070175439,0.6491228070175439,0.6491228070175439,-0.03118908382066277,0.0,0.0,0.0,0.0,0.0
OSTEO,nopain_v_pain,LDA,0.4912280701754386,0.631578947368421,0.7368421052631579,0.543859649122807,0.6491228070175439,0.6842105263157895,0.6491228070175439,0.5614035087719298,0.6666666666666666,0.6491228070175439,-0.0428849902534113,-0.03508771929824561,-0.07017543859649122,0.08771929824561397,0.03508771929824561,0.01754385964912275
OSTEO,nopain_v_pain,SVM,0.6491228070175439,0.6491228070175439,0.7017543859649122,0.6491228070175439,0.6491228070175439,0.6842105263157895,0.6491228070175439,0.6491228070175439,0.6491228070175439,0.6491228070175439,0.009746588693957059,0.0070175438596491455,0.0,0.05263157894736836,0.03508771929824561,0.0
OSTEO,nopain_v_pain,KNN-1,0.6140350877192983,0.6140350877192983,0.5614035087719298,0.6140350877192983,0.4035087719298245,0.3333333333333333,0.456140350877193,0.6140350877192983,0.6140350877192983,0.6491228070175439,-0.1364522417153997,-0.20350877192982464,-0.15204678362573093,-0.03508771929824561,-0.03508771929824561,-0.03508771929824561
OSTEO,nopain_v_pain,KNN-2,0.5964912280701754,0.5789473684210527,0.6140350877192983,0.5964912280701754,0.4035087719298245,0.3333333333333333,0.456140350877193,0.5789473684210527,0.7017543859649122,0.6491228070175439,-0.1384015594541912,-0.19298245614035087,-0.13450292397660826,0.05263157894736836,0.05263157894736836,0.05263157894736836
OSTEO,nopain_v_pain,KNN-3,0.631578947368421,0.631578947368421,0.6666666666666666,0.6140350877192983,0.4912280701754386,0.43859649122807015,0.543859649122807,0.6842105263157895,0.6140350877192983,0.6491228070175439,-0.07407407407407407,-0.1087719298245613,-0.05847953216374269,0.03508771929824561,0.03508771929824561,0.03508771929824561
OSTEO,nopain_v_pain,KNN-4,0.6666666666666666,0.5964912280701754,0.631578947368421,0.6666666666666666,0.4912280701754386,0.43859649122807015,0.5087719298245614,0.543859649122807,0.631578947368421,0.6491228070175439,-0.09746588693957103,-0.15087719298245622,-0.1286549707602339,0.01754385964912275,-0.017543859649122858,-0.017543859649122858
OSTEO,nopain_v_pain,KNN-5,0.5614035087719298,0.6491228070175439,0.5789473684210527,0.5614035087719298,0.43859649122807015,0.3333333333333333,0.5614035087719298,0.631578947368421,0.6491228070175439,0.6491228070175439,-0.1228070175438596,-0.14385964912280702,-0.0643274853801169,0.0,0.0,0.0
OSTEO,nopain_v_pain,KNN-6,0.5789473684210527,0.5614035087719298,0.631578947368421,0.5964912280701754,0.43859649122807015,0.3333333333333333,0.543859649122807,0.6666666666666666,0.6666666666666666,0.6491228070175439,-0.11306042884990253,-0.15789473684210525,-0.08771929824561409,0.01754385964912275,0.01754385964912275,0.01754385964912275
OSTEO,nopain_v_pain,KNN-7,0.6140350877192983,0.6842105263157895,0.7192982456140351,0.6140350877192983,0.42105263157894735,0.6842105263157895,0.5789473684210527,0.7543859649122807,0.6842105263157895,0.6491228070175439,-0.027290448343079917,-0.038596491228070295,-1.1102230246251563e-16,0.10526315789473684,0.10526315789473684,0.10526315789473684
OSTEO,nopain_v_pain,KNN-8,0.6491228070175439,0.5964912280701754,0.7368421052631579,0.6491228070175439,0.4912280701754386,0.6842105263157895,0.543859649122807,0.7543859649122807,0.6842105263157895,0.6491228070175439,-0.03703703703703698,-0.07017543859649111,-0.07602339181286555,0.10526315789473684,0.10526315789473684,0.10526315789473684
OSTEO,nopain_v_pain,KNN-9,0.5964912280701754,0.7017543859649122,0.6666666666666666,0.5964912280701754,0.543859649122807,0.5964912280701754,0.631578947368421,0.7719298245614035,0.6491228070175439,0.6491228070175439,-0.0292397660818714,-0.03508771929824561,-0.005847953216374324,0.1228070175438596,0.1228070175438596,0.1228070175438596
OSTEO,nopain_v_pain,KNN-10,0.631578947368421,0.6491228070175439,0.6666666666666666,0.631578947368421,0.6140350877192983,0.5789473684210527,0.6140350877192983,0.7368421052631579,0.6491228070175439,0.6491228070175439,-0.0428849902534113,-0.0736842105263158,-0.08771929824561397,0.08771929824561397,0.08771929824561397,0.08771929824561397
OSTEO,nopain_v_pain,KNN-20,0.6140350877192983,0.6491228070175439,0.7192982456140351,0.631578947368421,0.5263157894736842,0.6491228070175439,0.5964912280701754,0.6491228070175439,0.6491228070175439,0.6491228070175439,-0.044834307992202886,-0.06666666666666665,-0.07017543859649122,0.07017543859649122,0.0,0.0
OSTEO,duloxetine_v_nopain,Logistic Regression,0.5384615384615384,,0.41025641025641024,0.5897435897435898,0.3076923076923077,0.28205128205128205,0.6666666666666666,0.7179487179487181,0.6666666666666666,0.5128205128205128,-0.006410256410256388,-0.01025641025641022,0.1282051282051282,0.2051282051282053,0.2051282051282053,0.2051282051282053
OSTEO,duloxetine_v_nopain,LDA,0.5128205128205128,,0.6153846153846154,0.5897435897435898,0.5384615384615384,0.20512820512820512,0.6666666666666666,0.6153846153846154,0.7435897435897436,0.5128205128205128,0.03525641025641035,0.02051282051282055,0.1282051282051282,0.23076923076923084,0.23076923076923084,0.23076923076923084
OSTEO,duloxetine_v_nopain,SVM,0.3333333333333333,,0.6153846153846154,0.4871794871794872,0.6923076923076923,0.02564102564102564,0.7435897435897436,0.7179487179487181,0.6666666666666666,0.5128205128205128,0.006410256410256498,0.030769230769230882,0.15384615384615385,0.23076923076923084,0.23076923076923084,0.23076923076923084
OSTEO,duloxetine_v_nopain,KNN-1,0.6410256410256411,,0.5641025641025641,0.6410256410256411,0.6410256410256411,0.4615384615384616,0.5641025641025641,0.6923076923076923,0.7948717948717948,0.5128205128205128,0.11217948717948724,0.11794871794871795,0.1709401709401709,0.28205128205128205,0.28205128205128205,0.28205128205128205
OSTEO,duloxetine_v_nopain,KNN-2,0.5897435897435898,,0.6666666666666666,0.5897435897435898,0.6410256410256411,0.4615384615384616,0.5641025641025641,0.7435897435897436,0.7692307692307693,0.5128205128205128,0.11538461538461553,0.1230769230769232,0.17948717948717965,0.2564102564102565,0.2564102564102565,0.2564102564102565
OSTEO,duloxetine_v_nopain,KNN-3,0.5641025641025641,,0.5128205128205128,0.5641025641025641,0.5897435897435898,0.41025641025641024,0.6153846153846154,0.6666666666666666,0.7179487179487181,0.5128205128205128,0.06730769230769229,0.0871794871794872,0.15384615384615385,0.2051282051282053,0.2051282051282053,0.2051282051282053
OSTEO,duloxetine_v_nopain,KNN-4,0.5128205128205128,,0.4615384615384616,0.5384615384615384,0.5897435897435898,0.4358974358974359,0.5897435897435898,0.7435897435897436,0.6923076923076923,0.5128205128205128,0.05128205128205132,0.0871794871794872,0.14529914529914534,0.23076923076923084,0.23076923076923084,0.23076923076923084
OSTEO,duloxetine_v_nopain,KNN-5,0.5897435897435898,,0.41025641025641024,0.5897435897435898,0.7179487179487181,0.38461538461538464,0.5897435897435898,0.6923076923076923,0.7435897435897436,0.5128205128205128,0.0705128205128206,0.10256410256410264,0.14529914529914534,0.23076923076923084,0.23076923076923084,0.23076923076923084
OSTEO,duloxetine_v_nopain,KNN-6,0.6153846153846154,,0.5128205128205128,0.6153846153846154,0.7179487179487181,0.41025641025641024,0.5897435897435898,0.7435897435897436,0.6666666666666666,0.5128205128205128,0.09294871794871806,0.10769230769230777,0.14529914529914534,0.23076923076923084,0.23076923076923084,0.23076923076923084
OSTEO,duloxetine_v_nopain,KNN-7,0.5897435897435898,,0.4358974358974359,0.5897435897435898,0.7179487179487181,0.5384615384615384,0.5897435897435898,0.7435897435897436,0.6666666666666666,0.5128205128205128,0.07371794871794868,0.10256410256410252,0.09401709401709403,0.23076923076923084,0.23076923076923084,0.23076923076923084
OSTEO,duloxetine_v_nopain,KNN-8,0.5897435897435898,,0.5384615384615384,0.5897435897435898,0.7179487179487181,0.5384615384615384,0.5641025641025641,0.7179487179487181,0.6923076923076923,0.5128205128205128,0.08974358974358987,0.10769230769230777,0.10256410256410264,0.2051282051282053,0.2051282051282053,0.2051282051282053
OSTEO,duloxetine_v_nopain,KNN-9,0.6153846153846154,,0.5384615384615384,0.6153846153846154,0.7179487179487181,0.35897435897435903,0.6923076923076923,0.7435897435897436,0.6923076923076923,0.5128205128205128,0.09935897435897444,0.11282051282051295,0.1709401709401709,0.23076923076923084,0.23076923076923084,0.23076923076923084
OSTEO,duloxetine_v_nopain,KNN-10,0.5641025641025641,,0.5641025641025641,0.5384615384615384,0.7179487179487181,0.3333333333333333,0.7435897435897436,0.7435897435897436,0.7179487179487181,0.5128205128205128,0.09294871794871806,0.1230769230769232,0.19658119658119666,0.23076923076923084,0.23076923076923084,0.23076923076923084
OSTEO,duloxetine_v_nopain,KNN-20,0.5128205128205128,,0.6153846153846154,0.5384615384615384,0.7179487179487181,0.20512820512820512,0.6666666666666666,0.7692307692307693,0.7179487179487181,0.5128205128205128,0.0641025641025641,0.07692307692307687,0.16239316239316234,0.2564102564102565,0.2564102564102565,0.2564102564102565
OSTEO,duloxetine_v_pain,Logistic Regression,0.5714285714285714,,0.6607142857142857,0.42857142857142855,0.6607142857142857,0.6607142857142857,0.6785714285714286,0.6607142857142857,0.75,0.6607142857142857,-0.029017857142857095,0.017857142857142905,0.02976190476190488,0.0892857142857143,0.0892857142857143,0.0892857142857143
OSTEO,duloxetine_v_pain,LDA,0.5535714285714286,,0.6607142857142857,0.5178571428571429,0.6428571428571429,0.6071428571428571,0.6964285714285714,0.5892857142857143,0.625,0.6607142857142857,-0.0580357142857143,-0.042857142857142816,-0.04761904761904756,0.0357142857142857,0.0357142857142857,0.0357142857142857
OSTEO,duloxetine_v_pain,SVM,0.6607142857142857,,0.6607142857142857,0.6607142857142857,0.4642857142857143,0.7142857142857143,0.6964285714285714,0.6607142857142857,0.6607142857142857,0.6607142857142857,-0.013392857142857206,-0.021428571428571463,0.011904761904761862,0.0535714285714286,0.0535714285714286,0.0357142857142857
OSTEO,duloxetine_v_pain,KNN-1,0.5535714285714286,,0.4642857142857143,0.5535714285714286,0.5178571428571429,0.44642857142857145,0.44642857142857145,0.6071428571428571,0.6428571428571429,0.6607142857142857,-0.1473214285714285,-0.15357142857142847,-0.13690476190476186,-0.017857142857142794,-0.017857142857142794,-0.017857142857142794
OSTEO,duloxetine_v_pain,KNN-2,0.4821428571428572,,0.4107142857142857,0.4821428571428572,0.5178571428571429,0.44642857142857145,0.4107142857142857,0.6071428571428571,0.6964285714285714,0.6607142857142857,-0.1696428571428571,-0.15000000000000002,-0.13095238095238093,0.0357142857142857,0.0357142857142857,0.0357142857142857
OSTEO,duloxetine_v_pain,KNN-3,0.5535714285714286,,0.4821428571428572,0.5535714285714286,0.4642857142857143,0.4107142857142857,0.44642857142857145,0.6607142857142857,0.6964285714285714,0.6607142857142857,-0.1428571428571428,-0.1499999999999999,-0.10119047619047616,0.0357142857142857,0.0357142857142857,0.0357142857142857
OSTEO,duloxetine_v_pain,KNN-4,0.5178571428571429,,0.5357142857142857,0.5178571428571429,0.4107142857142857,0.4107142857142857,0.44642857142857145,0.6607142857142857,0.6964285714285714,0.6607142857142857,-0.1450892857142857,-0.1499999999999999,-0.08333333333333337,0.0357142857142857,0.0357142857142857,0.0357142857142857
OSTEO,duloxetine_v_pain,KNN-5,0.42857142857142855,,0.5714285714285714,0.4107142857142857,0.6964285714285714,0.4642857142857143,0.44642857142857145,0.6607142857142857,0.6964285714285714,0.6607142857142857,-0.1294642857142857,-0.09285714285714286,-0.10119047619047616,0.0357142857142857,0.0357142857142857,0.0357142857142857
OSTEO,duloxetine_v_pain,KNN-6,0.44642857142857145,,0.5714285714285714,0.42857142857142855,0.6785714285714286,0.4642857142857143,0.4107142857142857,0.7142857142857143,0.6785714285714286,0.6607142857142857,-0.11607142857142848,-0.07857142857142863,-0.0714285714285714,0.0535714285714286,0.0535714285714286,0.0535714285714286
OSTEO,duloxetine_v_pain,KNN-7,0.5178571428571429,,0.5,0.5178571428571429,0.6964285714285714,0.4821428571428572,0.4107142857142857,0.6964285714285714,0.7142857142857143,0.6607142857142857,-0.0959821428571428,-0.06428571428571417,-0.05952380952380942,0.0535714285714286,0.0535714285714286,0.0535714285714286
OSTEO,duloxetine_v_pain,KNN-8,0.4821428571428572,,0.5535714285714286,0.4821428571428572,0.6964285714285714,0.4821428571428572,0.3928571428571429,0.7321428571428571,0.7142857142857143,0.6607142857142857,-0.10044642857142848,-0.06785714285714284,-0.06547619047619048,0.0714285714285714,0.0714285714285714,0.0714285714285714
OSTEO,duloxetine_v_pain,KNN-9,0.6071428571428571,,0.625,0.5892857142857143,0.6964285714285714,0.6071428571428571,0.5892857142857143,0.6964285714285714,0.7142857142857143,0.6607142857142857,-0.044642857142857206,-0.039285714285714264,-0.059523809523809534,0.0535714285714286,0.0535714285714286,0.0535714285714286
OSTEO,duloxetine_v_pain,KNN-10,0.4642857142857143,,0.625,0.4642857142857143,0.6964285714285714,0.4821428571428572,0.5714285714285714,0.7321428571428571,0.7142857142857143,0.6607142857142857,-0.0982142857142857,-0.0714285714285714,-0.0714285714285714,0.0714285714285714,0.0714285714285714,0.0714285714285714
OSTEO,duloxetine_v_pain,KNN-20,0.6428571428571429,,0.5714285714285714,0.6607142857142857,0.6964285714285714,0.5535714285714286,0.6071428571428571,0.6428571428571429,0.7142857142857143,0.6607142857142857,-0.044642857142857095,-0.04999999999999993,-0.059523809523809534,0.0535714285714286,0.0535714285714286,0.0535714285714286
PSYCH_VIGILANCE_SES-1,high_v_low,Logistic Regression,0.4886363636363637,0.6022727272727273,0.5454545454545454,0.5113636363636364,0.5454545454545454,0.5454545454545454,0.5795454545454546,0.5795454545454546,0.6818181818181818,0.5454545454545454,0.010101010101010166,0.025000000000000026,0.04166666666666663,0.13636363636363635,0.13636363636363635,0.13636363636363635
PSYCH_VIGILANCE_SES-1,high_v_low,LDA,0.4545454545454545,0.6477272727272727,0.5454545454545454,0.5113636363636364,0.5454545454545454,0.6818181818181818,0.5795454545454546,0.625,0.6136363636363636,0.5454545454545454,0.010101010101010057,0.04318181818181821,0.02651515151515149,0.13636363636363635,0.13636363636363635,0.07954545454545459
PSYCH_VIGILANCE_SES-1,high_v_low,SVM,0.5795454545454546,0.5454545454545454,0.5909090909090909,0.5568181818181818,0.6477272727272727,0.6590909090909091,0.5909090909090909,0.625,0.6818181818181818,0.5454545454545454,0.05808080808080807,0.08636363636363631,0.0719696969696969,0.13636363636363635,0.13636363636363635,0.13636363636363635
PSYCH_VIGILANCE_SES-1,high_v_low,KNN-1,0.6022727272727273,0.7386363636363636,0.5,0.5681818181818182,0.4659090909090909,0.4886363636363637,0.5,0.6704545454545454,0.6590909090909091,0.5454545454545454,0.010101010101010166,-0.018181818181818188,0.015151515151515138,0.19318181818181826,0.125,0.125
PSYCH_VIGILANCE_SES-1,high_v_low,KNN-2,0.5795454545454546,0.7045454545454546,0.5568181818181818,0.5454545454545454,0.5227272727272727,0.5454545454545454,0.6136363636363636,0.6818181818181818,0.6477272727272727,0.5454545454545454,0.039141414141414144,0.029545454545454538,0.05681818181818187,0.15909090909090914,0.13636363636363635,0.13636363636363635
PSYCH_VIGILANCE_SES-1,high_v_low,KNN-3,0.5681818181818182,0.7386363636363636,0.5454545454545454,0.6136363636363636,0.5,0.5568181818181818,0.6022727272727273,0.6363636363636364,0.625,0.5454545454545454,0.04671717171717171,0.027272727272727226,0.05681818181818187,0.19318181818181826,0.09090909090909094,0.09090909090909094
PSYCH_VIGILANCE_SES-1,high_v_low,KNN-4,0.5340909090909091,0.75,0.6363636363636364,0.5340909090909091,0.5454545454545454,0.5681818181818182,0.6136363636363636,0.6704545454545454,0.6363636363636364,0.5454545454545454,0.05681818181818187,0.04772727272727273,0.0719696969696969,0.20454545454545456,0.125,0.125
PSYCH_VIGILANCE_SES-1,high_v_low,KNN-5,0.5227272727272727,0.7159090909090909,0.6136363636363636,0.5227272727272727,0.5113636363636364,0.5,0.5795454545454546,0.6590909090909091,0.6022727272727273,0.5454545454545454,0.02777777777777779,0.0181818181818183,0.05681818181818187,0.17045454545454553,0.11363636363636365,0.11363636363636365
PSYCH_VIGILANCE_SES-1,high_v_low,KNN-6,0.5454545454545454,0.7159090909090909,0.6363636363636364,0.5681818181818182,0.5113636363636364,0.5568181818181818,0.5795454545454546,0.6704545454545454,0.5795454545454546,0.5454545454545454,0.04292929292929304,0.027272727272727337,0.05303030303030309,0.17045454545454553,0.125,0.125
PSYCH_VIGILANCE_SES-1,high_v_low,KNN-7,0.5454545454545454,0.7159090909090909,0.5795454545454546,0.5681818181818182,0.5795454545454546,0.5795454545454546,0.5795454545454546,0.6590909090909091,0.6477272727272727,0.5454545454545454,0.05681818181818187,0.05681818181818187,0.07196969696969703,0.17045454545454553,0.11363636363636365,0.11363636363636365
PSYCH_VIGILANCE_SES-1,high_v_low,KNN-8,0.5340909090909091,0.6818181818181818,0.6022727272727273,0.5340909090909091,0.5681818181818182,0.5909090909090909,0.5454545454545454,0.6704545454545454,0.625,0.5454545454545454,0.04797979797979801,0.054545454545454564,0.06818181818181822,0.13636363636363635,0.125,0.125
PSYCH_VIGILANCE_SES-1,high_v_low,KNN-9,0.5113636363636364,0.6931818181818182,0.5340909090909091,0.4545454545454545,0.4659090909090909,0.5795454545454546,0.5568181818181818,0.6022727272727273,0.6363636363636364,0.5454545454545454,0.011363636363636465,0.018181818181818188,0.04545454545454541,0.14772727272727282,0.09090909090909094,0.09090909090909094
PSYCH_VIGILANCE_SES-1,high_v_low,KNN-10,0.4318181818181818,0.7045454545454546,0.5568181818181818,0.4090909090909091,0.4318181818181818,0.5681818181818182,0.5454545454545454,0.5909090909090909,0.625,0.5454545454545454,-0.005050505050505083,0.006818181818181834,0.04166666666666663,0.15909090909090914,0.07954545454545459,0.07954545454545459
PSYCH_VIGILANCE_SES-1,high_v_low,KNN-20,0.4772727272727273,0.6590909090909091,0.4772727272727273,0.4886363636363637,0.6022727272727273,0.625,0.5795454545454546,0.6818181818181818,0.6818181818181818,0.5454545454545454,0.03409090909090917,0.08181818181818179,0.09090909090909084,0.13636363636363635,0.13636363636363635,0.13636363636363635
PSYCH_VIGILANCE_SES-2,high_v_low,Logistic Regression,0.4545454545454545,0.5681818181818182,0.5,0.4431818181818182,0.0,0.0,0.5454545454545454,0.5340909090909091,0.5,0.5,-0.12878787878787878,-0.20454545454545453,-0.007575757575757569,0.06818181818181822,0.04545454545454541,0.04545454545454541
PSYCH_VIGILANCE_SES-2,high_v_low,LDA,0.5113636363636364,0.5681818181818182,0.4090909090909091,0.4659090909090909,0.4772727272727273,0.5113636363636364,0.5454545454545454,0.4659090909090909,0.6590909090909091,0.5,-0.015151515151515194,0.0,0.003787878787878785,0.15909090909090906,0.15909090909090906,0.15909090909090906
PSYCH_VIGILANCE_SES-2,high_v_low,SVM,0.5227272727272727,0.4772727272727273,0.6363636363636364,0.5340909090909091,0.5795454545454546,0.5454545454545454,0.5568181818181818,0.6136363636363636,0.5454545454545454,0.5,0.04671717171717171,0.04999999999999993,0.04166666666666663,0.13636363636363635,0.11363636363636365,0.11363636363636365
PSYCH_VIGILANCE_SES-2,high_v_low,KNN-1,0.5227272727272727,0.6363636363636364,0.5909090909090909,0.5227272727272727,0.5113636363636364,0.5,0.5,0.5340909090909091,0.5909090909090909,0.5,0.03787878787878785,0.015909090909090873,0.022727272727272815,0.13636363636363635,0.09090909090909094,0.09090909090909094
PSYCH_VIGILANCE_SES-2,high_v_low,KNN-2,0.4659090909090909,0.6022727272727273,0.5681818181818182,0.4886363636363637,0.4886363636363637,0.4545454545454545,0.5568181818181818,0.5681818181818182,0.5909090909090909,0.5,0.00883838383838387,0.002272727272727204,0.022727272727272815,0.10227272727272728,0.09090909090909094,0.09090909090909094
PSYCH_VIGILANCE_SES-2,high_v_low,KNN-3,0.4431818181818182,0.5340909090909091,0.6363636363636364,0.4090909090909091,0.5,0.4772727272727273,0.5340909090909091,0.5795454545454546,0.5681818181818182,0.5,0.006313131313131271,0.006818181818181834,0.018939393939393926,0.13636363636363635,0.07954545454545459,0.07954545454545459
PSYCH_VIGILANCE_SES-2,high_v_low,KNN-4,0.4659090909090909,0.5681818181818182,0.5681818181818182,0.4659090909090909,0.5227272727272727,0.5,0.5568181818181818,0.6136363636363636,0.5795454545454546,0.5,0.025252525252525304,0.03409090909090906,0.04924242424242431,0.11363636363636365,0.11363636363636365,0.11363636363636365
PSYCH_VIGILANCE_SES-2,high_v_low,KNN-5,0.4431818181818182,0.5340909090909091,0.5227272727272727,0.4431818181818182,0.4090909090909091,0.4318181818181818,0.5454545454545454,0.5909090909090909,0.5795454545454546,0.5,-0.011363636363636407,-0.00909090909090915,0.03787878787878785,0.09090909090909094,0.09090909090909094,0.09090909090909094
PSYCH_VIGILANCE_SES-2,high_v_low,KNN-6,0.4772727272727273,0.5568181818181818,0.5113636363636364,0.4772727272727273,0.4545454545454545,0.4659090909090909,0.5340909090909091,0.5909090909090909,0.5795454545454546,0.5,0.0012626262626261875,0.015909090909090873,0.05303030303030309,0.09090909090909094,0.09090909090909094,0.09090909090909094
PSYCH_VIGILANCE_SES-2,high_v_low,KNN-7,0.4886363636363637,0.5454545454545454,0.6136363636363636,0.5227272727272727,0.5340909090909091,0.4545454545454545,0.5568181818181818,0.5795454545454546,0.5113636363636364,0.5,0.02272727272727271,0.015909090909090873,0.03030303030303028,0.11363636363636365,0.07954545454545459,0.07954545454545459
PSYCH_VIGILANCE_SES-2,high_v_low,KNN-8,0.4886363636363637,0.5340909090909091,0.6477272727272727,0.5113636363636364,0.4886363636363637,0.4204545454545455,0.5340909090909091,0.6022727272727273,0.5795454545454546,0.5,0.018939393939394037,0.006818181818181834,0.04166666666666663,0.1477272727272727,0.10227272727272728,0.10227272727272728
PSYCH_VIGILANCE_SES-2,high_v_low,KNN-9,0.5340909090909091,0.5340909090909091,0.625,0.5568181818181818,0.5340909090909091,0.4772727272727273,0.5568181818181818,0.5909090909090909,0.5681818181818182,0.5,0.04545454545454541,0.036363636363636376,0.056818181818181775,0.125,0.09090909090909094,0.09090909090909094
PSYCH_VIGILANCE_SES-2,high_v_low,KNN-10,0.5681818181818182,0.5113636363636364,0.5795454545454546,0.5454545454545454,0.5340909090909091,0.375,0.5681818181818182,0.5909090909090909,0.5340909090909091,0.5,0.016414141414141437,0.004545454545454629,0.03787878787878796,0.09090909090909094,0.09090909090909094,0.09090909090909094
PSYCH_VIGILANCE_SES-2,high_v_low,KNN-20,0.4431818181818182,0.5227272727272727,0.6363636363636364,0.4431818181818182,0.3181818181818182,0.4090909090909091,0.5,0.5795454545454546,0.5113636363636364,0.5,-0.018939393939393867,-0.04318181818181816,0.018939393939393926,0.13636363636363635,0.07954545454545459,0.07954545454545459
PSYCH_TASK_ATTENTION_SES-1,high_v_low,Logistic Regression,0.5681818181818182,0.625,0.5909090909090909,0.5568181818181818,0.5909090909090909,0.5909090909090909,0.6136363636363636,0.625,0.6022727272727273,0.5909090909090909,0.0,0.004545454545454518,0.007575757575757569,0.03409090909090906,0.03409090909090906,0.03409090909090906
PSYCH_TASK_ATTENTION_SES-1,high_v_low,LDA,0.5227272727272727,0.5909090909090909,0.5454545454545454,0.5568181818181818,0.5909090909090909,0.5568181818181818,0.625,0.5113636363636364,0.6363636363636364,0.5909090909090909,-0.044191919191919234,-0.031818181818181863,-0.04166666666666663,0.04545454545454541,0.04545454545454541,0.04545454545454541
PSYCH_TASK_ATTENTION_SES-1,high_v_low,SVM,0.6363636363636364,0.5909090909090909,0.6477272727272727,0.6590909090909091,0.5795454545454546,0.625,0.625,0.625,0.6363636363636364,0.5909090909090909,0.031565656565656575,0.0227272727272726,0.03030303030303028,0.06818181818181812,0.04545454545454541,0.04545454545454541
PSYCH_TASK_ATTENTION_SES-1,high_v_low,KNN-1,0.6704545454545454,0.6931818181818182,0.5568181818181818,0.6818181818181818,0.5113636363636364,0.5795454545454546,0.4431818181818182,0.5681818181818182,0.5568181818181818,0.5909090909090909,-0.015151515151515247,-0.06590909090909093,-0.07954545454545459,0.10227272727272728,-0.011363636363636355,-0.02272727272727271
PSYCH_TASK_ATTENTION_SES-1,high_v_low,KNN-2,0.6704545454545454,0.625,0.6136363636363636,0.6590909090909091,0.5227272727272727,0.6136363636363636,0.6363636363636364,0.5795454545454546,0.5795454545454546,0.5909090909090909,0.017676767676767624,-0.006818181818181834,0.003787878787878785,0.07954545454545447,0.04545454545454541,0.04545454545454541
PSYCH_TASK_ATTENTION_SES-1,high_v_low,KNN-3,0.6363636363636364,0.6136363636363636,0.6022727272727273,0.6363636363636364,0.4431818181818182,0.6363636363636364,0.6363636363636364,0.6022727272727273,0.5454545454545454,0.5909090909090909,-0.003787878787878785,-0.027272727272727337,-0.011363636363636355,0.04545454545454541,0.04545454545454541,0.04545454545454541
PSYCH_TASK_ATTENTION_SES-1,high_v_low,KNN-4,0.6363636363636364,0.5909090909090909,0.6590909090909091,0.6477272727272727,0.5681818181818182,0.6363636363636364,0.625,0.5795454545454546,0.6022727272727273,0.5909090909090909,0.020202020202020218,0.009090909090909037,0.007575757575757569,0.06818181818181812,0.04545454545454541,0.03409090909090906
PSYCH_TASK_ATTENTION_SES-1,high_v_low,KNN-5,0.625,0.5909090909090909,0.5909090909090909,0.6363636363636364,0.6022727272727273,0.6363636363636364,0.625,0.5909090909090909,0.5568181818181818,0.5909090909090909,0.0,-0.0068181818181817224,-0.03030303030303028,0.04545454545454541,0.04545454545454541,0.03409090909090906
PSYCH_TASK_ATTENTION_SES-1,high_v_low,KNN-6,0.6363636363636364,0.5795454545454546,0.5909090909090909,0.6363636363636364,0.5454545454545454,0.625,0.625,0.5568181818181818,0.6363636363636364,0.5909090909090909,-0.0012626262626261875,-1.1102230246251563e-16,0.003787878787878785,0.04545454545454541,0.04545454545454541,0.04545454545454541
PSYCH_TASK_ATTENTION_SES-1,high_v_low,KNN-7,0.625,0.5795454545454546,0.6363636363636364,0.6477272727272727,0.5227272727272727,0.5454545454545454,0.625,0.5909090909090909,0.625,0.5909090909090909,-0.005050505050504972,-0.015909090909090984,0.011363636363636355,0.056818181818181775,0.03409090909090906,0.03409090909090906
PSYCH_TASK_ATTENTION_SES-1,high_v_low,KNN-8,0.6477272727272727,0.5568181818181818,0.6022727272727273,0.6477272727272727,0.5909090909090909,0.625,0.625,0.6022727272727273,0.5568181818181818,0.5909090909090909,0.007575757575757569,-0.0022727272727273147,-0.015151515151515247,0.056818181818181775,0.03409090909090906,0.03409090909090906
PSYCH_TASK_ATTENTION_SES-1,high_v_low,KNN-9,0.6704545454545454,0.5795454545454546,0.6363636363636364,0.7045454545454546,0.5340909090909091,0.5681818181818182,0.625,0.6022727272727273,0.5454545454545454,0.5909090909090909,-1.1102230246251563e-16,-0.03636363636363649,-0.03409090909090917,0.11363636363636365,0.03409090909090906,0.03409090909090906
PSYCH_TASK_ATTENTION_SES-1,high_v_low,KNN-10,0.6477272727272727,0.5681818181818182,0.5795454545454546,0.6477272727272727,0.5795454545454546,0.5113636363636364,0.5909090909090909,0.625,0.5681818181818182,0.5909090909090909,-0.005050505050504972,-0.018181818181818188,0.0,0.056818181818181775,0.03409090909090906,0.03409090909090906
PSYCH_TASK_ATTENTION_SES-1,high_v_low,KNN-20,0.6136363636363636,0.5909090909090909,0.5909090909090909,0.6136363636363636,0.5909090909090909,0.5568181818181818,0.5909090909090909,0.5909090909090909,0.6022727272727273,0.5909090909090909,0.0012626262626262985,-0.0068181818181817224,0.0,0.02272727272727271,0.011363636363636355,0.011363636363636355
PSYCH_TASK_ATTENTION_SES-2,high_v_low,Logistic Regression,0.625,0.6590909090909091,0.6818181818181818,0.6363636363636364,0.6818181818181818,0.6818181818181818,0.7272727272727273,0.7272727272727273,0.7159090909090909,0.6818181818181818,1.1102230246251563e-16,0.025000000000000026,0.04166666666666674,0.045454545454545525,0.045454545454545525,0.045454545454545525
PSYCH_TASK_ATTENTION_SES-2,high_v_low,LDA,0.5113636363636364,0.625,0.6931818181818182,0.6363636363636364,0.6818181818181818,0.6818181818181818,0.7159090909090909,0.6363636363636364,0.7159090909090909,0.6818181818181818,-0.0517676767676768,0.0,0.0,0.03409090909090917,0.03409090909090917,0.03409090909090917
PSYCH_TASK_ATTENTION_SES-2,high_v_low,SVM,0.6818181818181818,0.6818181818181818,0.7159090909090909,0.6818181818181818,0.6818181818181818,0.6818181818181818,0.7272727272727273,0.7159090909090909,0.7272727272727273,0.6818181818181818,0.01767676767676774,0.025000000000000026,0.04166666666666685,0.045454545454545525,0.045454545454545525,0.045454545454545525
PSYCH_TASK_ATTENTION_SES-2,high_v_low,KNN-1,0.6477272727272727,0.7727272727272727,0.6590909090909091,0.6704545454545454,0.5681818181818182,0.6022727272727273,0.6590909090909091,0.6136363636363636,0.6931818181818182,0.6818181818181818,-0.031565656565656464,-0.06136363636363629,-0.03787878787878773,0.09090909090909094,0.011363636363636465,0.011363636363636465
PSYCH_TASK_ATTENTION_SES-2,high_v_low,KNN-2,0.6704545454545454,0.75,0.75,0.6931818181818182,0.6136363636363636,0.6590909090909091,0.7272727272727273,0.6590909090909091,0.7272727272727273,0.6818181818181818,0.010101010101010277,-0.009090909090909037,0.015151515151515138,0.06818181818181822,0.045454545454545525,0.045454545454545525
PSYCH_TASK_ATTENTION_SES-2,high_v_low,KNN-3,0.7045454545454546,0.7045454545454546,0.7045454545454546,0.7045454545454546,0.5795454545454546,0.6136363636363636,0.7045454545454546,0.6704545454545454,0.6818181818181818,0.6818181818181818,-0.016414141414141326,-0.04545454545454541,-0.018939393939394037,0.022727272727272815,0.022727272727272815,0.022727272727272815
PSYCH_TASK_ATTENTION_SES-2,high_v_low,KNN-4,0.7272727272727273,0.7272727272727273,0.6931818181818182,0.7272727272727273,0.6363636363636364,0.6477272727272727,0.7272727272727273,0.6818181818181818,0.6931818181818182,0.6818181818181818,0.010101010101010166,-0.011363636363636244,0.00757575757575768,0.045454545454545525,0.045454545454545525,0.045454545454545525
PSYCH_TASK_ATTENTION_SES-2,high_v_low,KNN-5,0.75,0.7159090909090909,0.6818181818181818,0.75,0.5340909090909091,0.625,0.7159090909090909,0.6590909090909091,0.6704545454545454,0.6818181818181818,-0.016414141414141437,-0.04999999999999993,-0.015151515151515138,0.06818181818181822,0.03409090909090917,0.03409090909090917
PSYCH_TASK_ATTENTION_SES-2,high_v_low,KNN-6,0.7386363636363636,0.7159090909090909,0.6818181818181818,0.7272727272727273,0.6818181818181818,0.6363636363636364,0.7272727272727273,0.6931818181818182,0.6704545454545454,0.6818181818181818,0.00883838383838398,-0.009090909090909037,0.0,0.05681818181818187,0.045454545454545525,0.045454545454545525
PSYCH_TASK_ATTENTION_SES-2,high_v_low,KNN-7,0.75,0.6931818181818182,0.7272727272727273,0.7386363636363636,0.6704545454545454,0.5227272727272727,0.7159090909090909,0.6931818181818182,0.6931818181818182,0.6818181818181818,-0.0012626262626261875,-0.036363636363636265,-0.0037878787878786735,0.06818181818181822,0.03409090909090917,0.03409090909090917
PSYCH_TASK_ATTENTION_SES-2,high_v_low,KNN-8,0.7159090909090909,0.7272727272727273,0.6477272727272727,0.6931818181818182,0.6818181818181818,0.5568181818181818,0.6818181818181818,0.6931818181818182,0.7045454545454546,0.6818181818181818,-0.012626262626262541,-0.024999999999999908,0.0,0.045454545454545525,0.022727272727272815,0.022727272727272815
PSYCH_TASK_ATTENTION_SES-2,high_v_low,KNN-9,0.7045454545454546,0.7159090909090909,0.6136363636363636,0.7159090909090909,0.6818181818181818,0.5909090909090909,0.7159090909090909,0.7045454545454546,0.6818181818181818,0.6818181818181818,-0.012626262626262541,-0.0227272727272726,-0.007575757575757569,0.03409090909090917,0.03409090909090917,0.03409090909090917
PSYCH_TASK_ATTENTION_SES-2,high_v_low,KNN-10,0.7159090909090909,0.7272727272727273,0.6477272727272727,0.7159090909090909,0.6818181818181818,0.6363636363636364,0.6818181818181818,0.6818181818181818,0.7159090909090909,0.6818181818181818,0.005050505050505083,-0.0068181818181817224,0.003787878787878785,0.045454545454545525,0.03409090909090917,0.03409090909090917
PSYCH_TASK_ATTENTION_SES-2,high_v_low,KNN-20,0.6931818181818182,0.7159090909090909,0.6818181818181818,0.6931818181818182,0.6818181818181818,0.6363636363636364,0.6818181818181818,0.6818181818181818,0.7159090909090909,0.6818181818181818,0.0,-0.004545454545454518,0.007575757575757569,0.03409090909090917,0.03409090909090917,0.03409090909090917
PSYCH_WEEKLY_ATTENTION_SES-1,high_v_low,Logistic Regression,0.5,0.6363636363636364,0.5454545454545454,0.5454545454545454,0.5454545454545454,0.5454545454545454,0.5795454545454546,0.5681818181818182,0.5454545454545454,0.5454545454545454,0.006313131313131382,0.006818181818181834,0.011363636363636355,0.09090909090909094,0.03409090909090917,0.03409090909090917
PSYCH_WEEKLY_ATTENTION_SES-1,high_v_low,LDA,0.5113636363636364,0.6363636363636364,0.5113636363636364,0.5227272727272727,0.4886363636363637,0.5340909090909091,0.5795454545454546,0.5795454545454546,0.5340909090909091,0.5454545454545454,-0.011363636363636355,-0.015909090909090873,-0.003787878787878785,0.09090909090909094,0.03409090909090917,0.03409090909090917
PSYCH_WEEKLY_ATTENTION_SES-1,high_v_low,SVM,0.5454545454545454,0.5454545454545454,0.5227272727272727,0.5113636363636364,0.6477272727272727,0.5681818181818182,0.5909090909090909,0.625,0.5909090909090909,0.5454545454545454,0.02398989898989901,0.054545454545454564,0.04924242424242431,0.10227272727272728,0.10227272727272728,0.07954545454545459
PSYCH_WEEKLY_ATTENTION_SES-1,high_v_low,KNN-1,0.5113636363636364,0.6590909090909091,0.5454545454545454,0.5340909090909091,0.5795454545454546,0.5681818181818182,0.5113636363636364,0.6704545454545454,0.6136363636363636,0.5454545454545454,0.025252525252525304,0.03181818181818197,0.03409090909090917,0.125,0.125,0.125
PSYCH_WEEKLY_ATTENTION_SES-1,high_v_low,KNN-2,0.5795454545454546,0.6363636363636364,0.6363636363636364,0.5568181818181818,0.5454545454545454,0.6136363636363636,0.5795454545454546,0.6363636363636364,0.5909090909090909,0.5454545454545454,0.04671717171717171,0.040909090909090895,0.04545454545454541,0.09090909090909094,0.09090909090909094,0.09090909090909094
PSYCH_WEEKLY_ATTENTION_SES-1,high_v_low,KNN-3,0.5340909090909091,0.625,0.5681818181818182,0.5113636363636364,0.4886363636363637,0.5909090909090909,0.5795454545454546,0.6136363636363636,0.5909090909090909,0.5454545454545454,0.00883838383838387,0.004545454545454629,0.011363636363636355,0.07954545454545459,0.06818181818181822,0.06818181818181822
PSYCH_WEEKLY_ATTENTION_SES-1,high_v_low,KNN-4,0.5909090909090909,0.6704545454545454,0.5681818181818182,0.5795454545454546,0.5227272727272727,0.5681818181818182,0.5909090909090909,0.625,0.6136363636363636,0.5454545454545454,0.039141414141414255,0.027272727272727337,0.045454545454545525,0.125,0.07954545454545459,0.07954545454545459
PSYCH_WEEKLY_ATTENTION_SES-1,high_v_low,KNN-5,0.5,0.625,0.5340909090909091,0.4659090909090909,0.5340909090909091,0.625,0.5795454545454546,0.6477272727272727,0.6477272727272727,0.5454545454545454,0.012626262626262652,0.03409090909090906,0.03409090909090906,0.10227272727272728,0.10227272727272728,0.10227272727272728
PSYCH_WEEKLY_ATTENTION_SES-1,high_v_low,KNN-6,0.5,0.6704545454545454,0.5681818181818182,0.4886363636363637,0.6022727272727273,0.6477272727272727,0.5454545454545454,0.6136363636363636,0.6022727272727273,0.5454545454545454,0.031565656565656575,0.04772727272727273,0.02651515151515149,0.125,0.10227272727272728,0.06818181818181822
PSYCH_WEEKLY_ATTENTION_SES-1,high_v_low,KNN-7,0.5227272727272727,0.6136363636363636,0.4659090909090909,0.5340909090909091,0.5681818181818182,0.625,0.5454545454545454,0.5795454545454546,0.6022727272727273,0.5454545454545454,0.011363636363636465,0.03181818181818197,0.018939393939393926,0.07954545454545459,0.07954545454545459,0.05681818181818187
PSYCH_WEEKLY_ATTENTION_SES-1,high_v_low,KNN-8,0.5340909090909091,0.6477272727272727,0.4318181818181818,0.5113636363636364,0.5681818181818182,0.6136363636363636,0.5454545454545454,0.625,0.5681818181818182,0.5454545454545454,0.00883838383838398,0.03181818181818197,0.022727272727272815,0.10227272727272728,0.07954545454545459,0.07954545454545459
PSYCH_WEEKLY_ATTENTION_SES-1,high_v_low,KNN-9,0.5454545454545454,0.6136363636363636,0.4659090909090909,0.5454545454545454,0.5113636363636364,0.5227272727272727,0.5454545454545454,0.6590909090909091,0.5340909090909091,0.5454545454545454,-0.010101010101010057,-0.009090909090909037,0.003787878787878896,0.11363636363636365,0.11363636363636365,0.11363636363636365
PSYCH_WEEKLY_ATTENTION_SES-1,high_v_low,KNN-10,0.5227272727272727,0.6477272727272727,0.5113636363636364,0.5,0.4886363636363637,0.5340909090909091,0.5454545454545454,0.6363636363636364,0.5454545454545454,0.5454545454545454,-0.0012626262626262985,-0.002272727272727204,0.018939393939394037,0.10227272727272728,0.09090909090909094,0.09090909090909094
PSYCH_WEEKLY_ATTENTION_SES-1,high_v_low,KNN-20,0.4886363636363637,0.6022727272727273,0.5113636363636364,0.4772727272727273,0.5340909090909091,0.5795454545454546,0.5454545454545454,0.625,0.5340909090909091,0.5454545454545454,-0.003787878787878785,0.013636363636363669,0.015151515151515138,0.07954545454545459,0.07954545454545459,0.07954545454545459
PSYCH_WEEKLY_ATTENTION_SES-2,high_v_low,Logistic Regression,0.6136363636363636,0.6818181818181818,0.6818181818181818,0.625,0.6818181818181818,0.6818181818181818,0.6818181818181818,0.6818181818181818,0.6818181818181818,0.6818181818181818,-0.01767676767676774,0.0,0.0,0.0,0.0,0.0
PSYCH_WEEKLY_ATTENTION_SES-2,high_v_low,LDA,0.6136363636363636,0.6818181818181818,0.6704545454545454,0.5909090909090909,0.6818181818181818,0.6590909090909091,0.6818181818181818,0.6704545454545454,0.6590909090909091,0.6818181818181818,-0.044191919191919234,-0.011363636363636355,-0.011363636363636355,0.0,0.0,0.0
PSYCH_WEEKLY_ATTENTION_SES-2,high_v_low,SVM,0.6818181818181818,0.6818181818181818,0.6818181818181818,0.6818181818181818,0.7045454545454546,0.6704545454545454,0.6818181818181818,0.6818181818181818,0.6818181818181818,0.6818181818181818,0.0012626262626261875,0.002272727272727204,0.0,0.022727272727272815,0.022727272727272815,0.0
PSYCH_WEEKLY_ATTENTION_SES-2,high_v_low,KNN-1,0.5340909090909091,0.7727272727272727,0.6818181818181818,0.5681818181818182,0.6136363636363636,0.6022727272727273,0.4545454545454545,0.6363636363636364,0.6704545454545454,0.6818181818181818,-0.08207070707070696,-0.09772727272727266,-0.11363636363636355,0.09090909090909094,-0.011363636363636355,-0.011363636363636355
PSYCH_WEEKLY_ATTENTION_SES-2,high_v_low,KNN-2,0.6363636363636364,0.7613636363636364,0.7045454545454546,0.6363636363636364,0.6931818181818182,0.6363636363636364,0.6818181818181818,0.6818181818181818,0.7045454545454546,0.6818181818181818,-0.006313131313131271,-0.009090909090909037,-0.0037878787878786735,0.07954545454545459,0.022727272727272815,0.022727272727272815
PSYCH_WEEKLY_ATTENTION_SES-2,high_v_low,KNN-3,0.5454545454545454,0.7386363636363636,0.6363636363636364,0.5454545454545454,0.6818181818181818,0.625,0.6818181818181818,0.6363636363636364,0.6931818181818182,0.6818181818181818,-0.0492424242424242,-0.02272727272727271,-0.018939393939393808,0.05681818181818187,0.011363636363636465,0.011363636363636465
PSYCH_WEEKLY_ATTENTION_SES-2,high_v_low,KNN-4,0.6590909090909091,0.75,0.6704545454545454,0.6477272727272727,0.6818181818181818,0.5909090909090909,0.6818181818181818,0.6477272727272727,0.7272727272727273,0.6818181818181818,-0.017676767676767624,-0.01818181818181808,0.0,0.06818181818181822,0.045454545454545525,0.045454545454545525
PSYCH_WEEKLY_ATTENTION_SES-2,high_v_low,KNN-5,0.5909090909090909,0.7159090909090909,0.5568181818181818,0.5909090909090909,0.6477272727272727,0.6136363636363636,0.6818181818181818,0.6590909090909091,0.6704545454545454,0.6818181818181818,-0.0505050505050505,-0.027272727272727226,-0.011363636363636355,0.03409090909090917,0.0,0.0
PSYCH_WEEKLY_ATTENTION_SES-2,high_v_low,KNN-6,0.6590909090909091,0.75,0.6818181818181818,0.6590909090909091,0.6818181818181818,0.6477272727272727,0.6818181818181818,0.6590909090909091,0.6818181818181818,0.6818181818181818,-0.006313131313131271,-0.015909090909090873,-0.015151515151515138,0.06818181818181822,0.0,0.0
PSYCH_WEEKLY_ATTENTION_SES-2,high_v_low,KNN-7,0.6477272727272727,0.7272727272727273,0.6818181818181818,0.6590909090909091,0.6363636363636364,0.6931818181818182,0.6818181818181818,0.7045454545454546,0.6590909090909091,0.6818181818181818,-0.017676767676767624,-0.015909090909090873,-0.015151515151515138,0.045454545454545525,0.022727272727272815,0.022727272727272815
PSYCH_WEEKLY_ATTENTION_SES-2,high_v_low,KNN-8,0.6704545454545454,0.7386363636363636,0.7159090909090909,0.6818181818181818,0.6363636363636364,0.6590909090909091,0.6818181818181818,0.6818181818181818,0.6590909090909091,0.6818181818181818,-0.005050505050504972,-0.022727272727272815,-0.015151515151515138,0.05681818181818187,0.0,0.0
PSYCH_WEEKLY_ATTENTION_SES-2,high_v_low,KNN-9,0.6704545454545454,0.6931818181818182,0.7159090909090909,0.6704545454545454,0.6931818181818182,0.625,0.6818181818181818,0.7045454545454546,0.6363636363636364,0.6818181818181818,-0.013888888888888841,-0.025000000000000026,-0.02651515151515149,0.03409090909090917,0.022727272727272815,0.022727272727272815
PSYCH_WEEKLY_ATTENTION_SES-2,high_v_low,KNN-10,0.6818181818181818,0.7159090909090909,0.6931818181818182,0.6931818181818182,0.6363636363636364,0.6704545454545454,0.6818181818181818,0.6931818181818182,0.6704545454545454,0.6818181818181818,-0.005050505050504972,-0.013636363636363558,-0.0037878787878786735,0.03409090909090917,0.011363636363636465,0.011363636363636465
PSYCH_WEEKLY_ATTENTION_SES-2,high_v_low,KNN-20,0.6704545454545454,0.6818181818181818,0.6704545454545454,0.6704545454545454,0.6818181818181818,0.6818181818181818,0.6818181818181818,0.6818181818181818,0.6818181818181818,0.6818181818181818,-0.005050505050505083,0.0,0.0,0.0,0.0,0.0
PARKINSONS,control_v_parkinsons,Logistic Regression,0.54,0.585,0.355,0.56,0.0,0.0,0.53,0.58,0.575,0.5,-0.09388888888888887,-0.16499999999999998,0.05833333333333335,0.08499999999999996,0.07999999999999996,0.07999999999999996
PARKINSONS,control_v_parkinsons,LDA,0.5,0.55,0.54,0.615,0.355,0.535,0.525,0.55,0.58,0.5,0.011666666666666714,-0.012000000000000009,0.01666666666666661,0.115,0.07999999999999996,0.07999999999999996
PARKINSONS,control_v_parkinsons,SVM,0.545,0.06,0.58,0.55,0.515,0.525,0.595,0.575,0.62,0.5,-0.007777777777777828,0.050999999999999934,0.07166666666666666,0.12,0.12,0.12
PARKINSONS,control_v_parkinsons,KNN-1,0.52,0.695,0.505,0.51,0.42,0.62,0.54,0.56,0.56,0.5,0.04388888888888887,0.03300000000000014,0.04166666666666663,0.19499999999999995,0.12,0.06000000000000005
PARKINSONS,control_v_parkinsons,KNN-2,0.56,0.63,0.53,0.56,0.5,0.52,0.525,0.56,0.605,0.5,0.04555555555555557,0.03200000000000003,0.046666666666666745,0.13,0.10499999999999997,0.10499999999999997
PARKINSONS,control_v_parkinsons,KNN-3,0.6,0.68,0.5,0.62,0.36,0.53,0.545,0.615,0.575,0.5,0.04388888888888909,0.009000000000000008,0.05166666666666664,0.18000000000000005,0.115,0.115
PARKINSONS,control_v_parkinsons,KNN-4,0.58,0.64,0.505,0.605,0.515,0.525,0.54,0.6,0.58,0.5,0.05833333333333335,0.04600000000000004,0.06333333333333335,0.14,0.09999999999999998,0.09999999999999998
PARKINSONS,control_v_parkinsons,KNN-5,0.585,0.66,0.505,0.595,0.525,0.51,0.535,0.57,0.58,0.5,0.05888888888888887,0.039000000000000035,0.053333333333333344,0.16000000000000006,0.07999999999999996,0.07999999999999996
PARKINSONS,control_v_parkinsons,KNN-6,0.59,0.64,0.545,0.58,0.525,0.51,0.535,0.595,0.595,0.5,0.05333333333333323,0.038000000000000034,0.05166666666666664,0.14,0.09499999999999996,0.09499999999999996
PARKINSONS,control_v_parkinsons,KNN-7,0.57,0.65,0.545,0.58,0.51,0.49,0.535,0.625,0.59,0.5,0.053333333333333344,0.03400000000000003,0.056666666666666636,0.15000000000000002,0.125,0.125
PARKINSONS,control_v_parkinsons,KNN-8,0.555,0.64,0.51,0.555,0.51,0.455,0.535,0.63,0.615,0.5,0.040000000000000036,0.027000000000000024,0.056666666666666636,0.14,0.13,0.13
PARKINSONS,control_v_parkinsons,KNN-9,0.575,0.65,0.515,0.575,0.545,0.45,0.535,0.625,0.66,0.5,0.053333333333333344,0.040000000000000036,0.06833333333333336,0.16000000000000006,0.16000000000000006,0.16000000000000006
PARKINSONS,control_v_parkinsons,KNN-10,0.56,0.645,0.53,0.565,0.47,0.425,0.525,0.605,0.64,0.5,0.03666666666666663,0.012000000000000009,0.05500000000000005,0.14500000000000002,0.14,0.14
PARKINSONS,control_v_parkinsons,KNN-20,0.53,0.6,0.555,0.54,0.565,0.42,0.59,0.575,0.66,0.5,0.04166666666666663,0.030000000000000027,0.05500000000000005,0.16000000000000006,0.16000000000000006,0.16000000000000006
PARKINSONS,control_pre_v_park_pre,Logistic Regression,0.5253623188405797,0.5652173913043478,0.6086956521739131,0.5652173913043478,0.5434782608695652,0.5434782608695652,0.5543478260869565,0.5579710144927537,0.5869565217391305,0.5434782608695652,0.009661835748792202,0.007246376811594234,0.012077294685990279,0.0652173913043479,0.0434782608695653,0.0434782608695653
PARKINSONS,control_pre_v_park_pre,LDA,0.605072463768116,0.5362318840579711,0.6123188405797102,0.6304347826086957,0.5434782608695652,0.4855072463768116,0.5543478260869565,0.5181159420289855,0.572463768115942,0.5434782608695652,0.015297906602254496,-0.012318840579710222,-0.0012077294685990392,0.08695652173913049,0.028985507246376833,0.028985507246376833
PARKINSONS,control_pre_v_park_pre,SVM,0.6557971014492754,0.5434782608695652,0.5978260869565217,0.6123188405797102,0.5434782608695652,0.4239130434782609,0.5434782608695652,0.5797101449275363,0.5579710144927537,0.5434782608695652,0.016103059581320408,-0.01811594202898548,0.009661835748792312,0.1123188405797102,0.03623188405797106,0.03623188405797106
PARKINSONS,control_pre_v_park_pre,KNN-1,0.7681159420289855,0.5760869565217391,0.5108695652173914,0.6340579710144928,0.463768115942029,0.5434782608695652,0.5434782608695652,0.5543478260869565,0.5797101449275363,0.5434782608695652,0.028985507246376937,-0.007246376811594123,0.01449275362318836,0.2246376811594203,0.03623188405797106,0.03623188405797106
PARKINSONS,control_pre_v_park_pre,KNN-2,0.7753623188405797,0.5905797101449275,0.5615942028985508,0.6485507246376812,0.4710144927536232,0.6195652173913043,0.5471014492753623,0.5652173913043478,0.5471014492753623,0.5434782608695652,0.041465378421900234,0.0014492753623187582,0.0012077294685990392,0.2318840579710145,0.07608695652173914,0.021739130434782598
PARKINSONS,control_pre_v_park_pre,KNN-3,0.7789855072463768,0.5760869565217391,0.532608695652174,0.6884057971014492,0.5652173913043478,0.6195652173913043,0.5434782608695652,0.5579710144927537,0.5543478260869565,0.5434782608695652,0.0499194847020934,0.0130434782608696,-0.010869565217391242,0.23550724637681164,0.07608695652173914,0.014492753623188468
PARKINSONS,control_pre_v_park_pre,KNN-4,0.8079710144927537,0.5760869565217391,0.572463768115942,0.6811594202898551,0.4528985507246377,0.6123188405797102,0.5471014492753623,0.5362318840579711,0.5688405797101449,0.5434782608695652,0.046698872785829286,-0.006521739130434745,-0.003623188405797007,0.2644927536231885,0.06884057971014501,0.025362318840579712
PARKINSONS,control_pre_v_park_pre,KNN-5,0.7934782608695652,0.5579710144927537,0.5471014492753623,0.6630434782608695,0.4891304347826087,0.5905797101449275,0.5543478260869565,0.5688405797101449,0.5797101449275363,0.5434782608695652,0.041465378421900234,0.0,0.0024154589371979678,0.25,0.04710144927536231,0.03623188405797106
PARKINSONS,control_pre_v_park_pre,KNN-6,0.8115942028985508,0.5579710144927537,0.5543478260869565,0.6666666666666666,0.5072463768115942,0.5253623188405797,0.5579710144927537,0.5471014492753623,0.5688405797101449,0.5434782608695652,0.03945249597423517,-0.0028985507246376274,0.013285024154589431,0.2681159420289856,0.025362318840579712,0.025362318840579712
PARKINSONS,control_pre_v_park_pre,KNN-7,0.7934782608695652,0.5760869565217391,0.5181159420289855,0.6594202898550725,0.5144927536231884,0.5181159420289855,0.5579710144927537,0.5434782608695652,0.5833333333333334,0.5434782608695652,0.0346215780998389,-0.003623188405797007,0.012077294685990505,0.25,0.03985507246376818,0.03985507246376818
PARKINSONS,control_pre_v_park_pre,KNN-8,0.8043478260869565,0.572463768115942,0.5615942028985508,0.6702898550724637,0.572463768115942,0.5181159420289855,0.5543478260869565,0.5543478260869565,0.5942028985507246,0.5434782608695652,0.0499194847020934,0.01521739130434785,0.024154589371980676,0.2608695652173913,0.050724637681159424,0.050724637681159424
PARKINSONS,control_pre_v_park_pre,KNN-9,0.7826086956521741,0.572463768115942,0.5253623188405797,0.677536231884058,0.5688405797101449,0.5036231884057971,0.5471014492753623,0.5434782608695652,0.5869565217391305,0.5434782608695652,0.03904991948470216,0.004347826086956497,0.012077294685990279,0.2391304347826089,0.0434782608695653,0.0434782608695653
PARKINSONS,control_pre_v_park_pre,KNN-10,0.7681159420289855,0.5688405797101449,0.5434782608695652,0.6739130434782609,0.5072463768115942,0.5108695652173914,0.5434782608695652,0.5507246376811594,0.5797101449275363,0.5434782608695652,0.035426731078904934,-0.007971014492753614,0.009661835748792202,0.2246376811594203,0.03623188405797106,0.03623188405797106
PARKINSONS,control_pre_v_park_pre,KNN-20,0.75,0.5471014492753623,0.5905797101449275,0.6304347826086957,0.5217391304347826,0.5434782608695652,0.5434782608695652,0.5471014492753623,0.5579710144927537,0.5434782608695652,0.036634460547504084,-0.0021739130434782483,0.003623188405797117,0.2065217391304348,0.014492753623188468,0.014492753623188468
REFLECT_SUMMED,rest_v_task,Logistic Regression,0.9806451612903224,,0.8,0.9419354838709676,0.8,0.8,0.8838709677419355,0.8451612903225807,0.9354838709677421,0.8,0.0669354838709677,0.04258064516129023,0.07096774193548394,0.1806451612903224,0.13548387096774195,0.13548387096774195
REFLECT_SUMMED,rest_v_task,LDA,0.4774193548387097,,0.7612903225806451,0.9612903225806452,0.8,0.8193548387096774,0.8838709677419355,0.8258064516129032,0.7806451612903226,0.8,-0.015322580645161343,0.01548387096774184,0.019354838709677358,0.16129032258064513,0.08387096774193548,0.08387096774193548
REFLECT_SUMMED,rest_v_task,SVM,0.967741935483871,,0.8,0.967741935483871,0.7935483870967742,0.8,0.8838709677419355,0.8,0.9161290322580644,0.8,0.06370967741935485,0.0348387096774192,0.06021505376344094,0.16774193548387095,0.11612903225806435,0.11612903225806435
REFLECT_SUMMED,rest_v_task,KNN-1,0.967741935483871,,0.7354838709677419,0.9548387096774194,0.9870967741935484,0.9935483870967742,0.9161290322580644,0.8258064516129032,0.8774193548387097,0.8,0.10322580645161283,0.11354838709677405,0.06236559139784936,0.19354838709677413,0.19354838709677413,0.11612903225806435
REFLECT_SUMMED,rest_v_task,KNN-2,0.9483870967741936,,0.6451612903225806,0.9290322580645162,0.9935483870967742,0.9935483870967742,0.8774193548387097,0.832258064516129,0.8838709677419355,0.8,0.0854838709677419,0.11225806451612907,0.05806451612903218,0.19354838709677413,0.19354838709677413,0.08387096774193548
REFLECT_SUMMED,rest_v_task,KNN-3,0.967741935483871,,0.7483870967741936,0.967741935483871,0.9935483870967742,0.9935483870967742,0.8967741935483872,0.8838709677419355,0.9225806451612903,0.8,0.11935483870967735,0.13419354838709674,0.09462365591397837,0.19354838709677413,0.19354838709677413,0.1225806451612903
REFLECT_SUMMED,rest_v_task,KNN-4,0.967741935483871,,0.7483870967741936,0.967741935483871,0.9935483870967742,0.9935483870967742,0.8903225806451613,0.8516129032258064,0.9225806451612903,0.8,0.11451612903225815,0.1264516129032257,0.08172043010752694,0.19354838709677413,0.19354838709677413,0.1225806451612903
REFLECT_SUMMED,rest_v_task,KNN-5,0.9741935483870968,,0.7806451612903226,0.9741935483870968,0.9935483870967742,0.9741935483870968,0.8903225806451613,0.8774193548387097,0.9225806451612903,0.8,0.12096774193548387,0.12774193548387092,0.0903225806451612,0.19354838709677413,0.19354838709677413,0.1225806451612903
REFLECT_SUMMED,rest_v_task,KNN-6,0.9741935483870968,,0.8064516129032258,0.9741935483870968,0.967741935483871,0.9741935483870968,0.8838709677419355,0.8709677419354839,0.9225806451612903,0.8,0.12177419354838705,0.1238709677419354,0.09247311827956994,0.17419354838709675,0.17419354838709675,0.1225806451612903
REFLECT_SUMMED,rest_v_task,KNN-7,0.9741935483870968,,0.7935483870967742,0.967741935483871,0.967741935483871,0.9483870967741936,0.8838709677419355,0.8774193548387097,0.9225806451612903,0.8,0.11290322580645162,0.11354838709677427,0.08387096774193536,0.17419354838709675,0.16774193548387095,0.1225806451612903
REFLECT_SUMMED,rest_v_task,KNN-8,0.9741935483870968,,0.7806451612903226,0.967741935483871,0.9612903225806452,0.9161290322580644,0.8774193548387097,0.8838709677419355,0.9290322580645162,0.8,0.10806451612903224,0.10838709677419356,0.08817204301075265,0.17419354838709675,0.16129032258064513,0.12903225806451613
REFLECT_SUMMED,rest_v_task,KNN-9,0.9806451612903224,,0.7870967741935484,0.9806451612903224,0.9290322580645162,0.9161290322580644,0.8774193548387097,0.8838709677419355,0.9290322580645162,0.8,0.10483870967741926,0.09806451612903222,0.08172043010752683,0.1806451612903224,0.12903225806451613,0.12903225806451613
REFLECT_SUMMED,rest_v_task,KNN-10,0.9870967741935484,,0.8129032258064516,0.9741935483870968,0.9290322580645162,0.9354838709677421,0.8774193548387097,0.8903225806451613,0.9290322580645162,0.8,0.10725806451612907,0.09677419354838712,0.07311827956989247,0.1870967741935483,0.13548387096774195,0.12903225806451613
REFLECT_SUMMED,rest_v_task,KNN-20,0.9806451612903224,,0.7677419354838709,0.9806451612903224,0.8774193548387097,0.8838709677419355,0.8903225806451613,0.8774193548387097,0.9290322580645162,0.8,0.08709677419354822,0.07354838709677403,0.06881720430107519,0.1806451612903224,0.12903225806451613,0.12903225806451613
REFLECT_INTERLEAVED,rest_v_task,Logistic Regression,1.0,,0.8,1.0,0.8,0.8,0.8,0.8967741935483872,0.7677419354838709,0.8,0.05806451612903218,0.012903225806451757,0.02150537634408589,0.2,0.09677419354838712,0.09677419354838712
REFLECT_INTERLEAVED,rest_v_task,LDA,0.6516129032258065,,0.9870967741935484,1.0,0.8,0.8258064516129032,0.8,0.8967741935483872,0.7290322580645161,0.8,0.023387096774193483,-0.01032258064516134,-0.02580645161290318,0.2,0.09677419354838712,0.09677419354838712
REFLECT_INTERLEAVED,rest_v_task,SVM,0.9806451612903224,,0.9870967741935484,0.9806451612903224,0.9419354838709676,0.8258064516129032,0.8,0.9161290322580644,0.8967741935483872,0.8,0.11451612903225795,0.07354838709677403,0.06666666666666665,0.1870967741935483,0.14193548387096755,0.11612903225806435
REFLECT_INTERLEAVED,rest_v_task,KNN-1,1.0,,1.0,1.0,0.9483870967741936,0.9741935483870968,0.8,0.8709677419354839,0.8580645161290322,0.8,0.13145161290322582,0.0903225806451613,0.04301075268817189,0.2,0.17419354838709675,0.07096774193548383
REFLECT_INTERLEAVED,rest_v_task,KNN-2,1.0,,1.0,1.0,0.9483870967741936,0.9612903225806452,0.8,0.8516129032258064,0.8193548387096774,0.8,0.1225806451612903,0.07612903225806457,0.023655913978494536,0.2,0.16129032258064513,0.05161290322580636
REFLECT_INTERLEAVED,rest_v_task,KNN-3,1.0,,1.0,1.0,0.9483870967741936,0.9483870967741936,0.8,0.8903225806451613,0.9161290322580644,0.8,0.13709677419354838,0.09935483870967744,0.06666666666666665,0.2,0.1483870967741936,0.11612903225806435
REFLECT_INTERLEAVED,rest_v_task,KNN-4,1.0,,1.0,1.0,0.9483870967741936,0.9483870967741936,0.2,0.9032258064516128,0.9032258064516128,0.8,0.06290322580645158,-0.01935483870967747,-0.131182795698925,0.2,0.1483870967741936,0.10322580645161272
REFLECT_INTERLEAVED,rest_v_task,KNN-5,1.0,,0.9935483870967742,1.0,0.9483870967741936,0.9483870967741936,0.2,0.8774193548387097,0.8967741935483872,0.8,0.0580645161290323,-0.02580645161290318,-0.14193548387096774,0.2,0.1483870967741936,0.09677419354838712
REFLECT_INTERLEAVED,rest_v_task,KNN-6,1.0,,1.0,1.0,0.9483870967741936,0.9483870967741936,0.2,0.9096774193548388,0.8838709677419355,0.8,0.06129032258064515,-0.021935483870967776,-0.13548387096774195,0.2,0.1483870967741936,0.10967741935483877
REFLECT_INTERLEAVED,rest_v_task,KNN-7,0.9870967741935484,,0.9806451612903224,0.9870967741935484,0.9225806451612903,0.9483870967741936,0.2,0.8838709677419355,0.8838709677419355,0.8,0.049193548387096775,-0.032258064516129004,-0.14408602150537642,0.1870967741935483,0.1483870967741936,0.08387096774193548
REFLECT_INTERLEAVED,rest_v_task,KNN-8,0.9935483870967742,,0.9935483870967742,0.9935483870967742,0.9225806451612903,0.9483870967741936,0.2,0.9032258064516128,0.8645161290322579,0.8,0.05241935483870963,-0.032258064516129004,-0.14408602150537653,0.19354838709677413,0.1483870967741936,0.10322580645161272
REFLECT_INTERLEAVED,rest_v_task,KNN-9,0.9870967741935484,,0.9870967741935484,0.9870967741935484,0.9419354838709676,0.9161290322580644,0.2,0.8838709677419355,0.8967741935483872,0.8,0.049999999999999815,-0.032258064516129004,-0.13978494623655913,0.1870967741935483,0.14193548387096755,0.09677419354838712
REFLECT_INTERLEAVED,rest_v_task,KNN-10,0.9870967741935484,,0.9870967741935484,0.9870967741935484,0.9419354838709676,0.9161290322580644,0.2,0.8967741935483872,0.9032258064516128,0.8,0.05241935483870963,-0.028387096774193488,-0.1333333333333334,0.1870967741935483,0.14193548387096755,0.10322580645161272
REFLECT_INTERLEAVED,rest_v_task,KNN-20,0.9870967741935484,,0.9870967741935484,0.9870967741935484,0.9419354838709676,0.8258064516129032,0.2,0.9161290322580644,0.8967741935483872,0.8,0.04032258064516114,-0.04774193548387107,-0.13548387096774195,0.1870967741935483,0.14193548387096755,0.11612903225806435
