Algorithm,Dataset,Comparison,Raw Eigs,Unfolded,Largest,Largest20,Noise,Noise (shift),Brody,Rigidity,Levelvar,Guess,Mean (all),Mean (obs),Mean (spec),Max (all),Max (obs),Max (spec)
Logistic Regression,LEARNING,rest_v_task,0.8425925925925926,0.8379629629629629,0.8888888888888888,0.8865740740740741,0.8888888888888888,0.8888888888888888,0.8888888888888888,0.8888888888888888,0.8888888888888888,0.8888888888888888,-0.011059670781893072,1.1102230246251565e-16,0.0,0.0,0.0,0.0
LDA,LEARNING,rest_v_task,0.8009259259259259,0.5046296296296297,0.8888888888888888,0.8842592592592593,0.8888888888888888,0.8888888888888888,1.0,0.8703703703703703,0.8310185185185185,0.8888888888888888,-0.04912551440329227,0.00694444444444442,0.01157407407407407,0.11111111111111116,0.11111111111111116,0.11111111111111116
SVM,LEARNING,rest_v_task,0.8888888888888888,0.8888888888888888,0.8888888888888888,0.8888888888888888,0.8888888888888888,0.8888888888888888,0.8888888888888888,0.8888888888888888,0.8888888888888888,0.8888888888888888,0.0,1.1102230246251565e-16,0.0,0.0,0.0,0.0
KNN-1,LEARNING,rest_v_task,0.8148148148148148,0.7824074074074074,0.8101851851851852,0.8032407407407407,0.8240740740740741,0.7893518518518519,0.8888888888888888,0.8217592592592593,0.8032407407407407,0.8888888888888888,-0.07355967078189285,-0.06342592592592589,-0.05092592592592593,0.0,0.0,0.0
KNN-2,LEARNING,rest_v_task,0.7222222222222222,0.7037037037037037,0.7546296296296297,0.7175925925925926,0.7986111111111112,0.6504629629629629,0.8888888888888888,0.7523148148148148,0.7245370370370371,0.8888888888888888,-0.14300411522633738,-0.12592592592592589,-0.10030864197530853,0.0,0.0,0.0
KNN-3,LEARNING,rest_v_task,0.8726851851851852,0.8472222222222222,0.8703703703703703,0.875,0.8796296296296297,0.8796296296296297,0.8888888888888888,0.8773148148148148,0.8703703703703703,0.8888888888888888,-0.015432098765432056,-0.009722222222222188,-0.010030864197530853,0.0,0.0,0.0
KNN-4,LEARNING,rest_v_task,0.8425925925925926,0.8240740740740741,0.8402777777777778,0.8425925925925926,0.7962962962962963,0.8865740740740741,0.8888888888888888,0.8564814814814815,0.8425925925925926,0.8888888888888888,-0.04218106995884785,-0.03472222222222221,-0.026234567901234573,0.0,0.0,0.0
KNN-5,LEARNING,rest_v_task,0.8888888888888888,0.8773148148148148,0.8865740740740741,0.8888888888888888,0.8773148148148148,0.8935185185185185,0.8888888888888888,0.8819444444444444,0.875,0.8888888888888888,-0.00462962962962965,-0.005555555555555425,-0.006944444444444531,0.00462962962962965,0.00462962962962965,0.0
KNN-6,LEARNING,rest_v_task,0.8865740740740741,0.8680555555555556,0.8796296296296297,0.8842592592592593,0.8009259259259259,0.8796296296296297,0.1111111111111111,0.8773148148148148,0.8680555555555556,0.8888888888888888,-0.1049382716049383,-0.18148148148148135,-0.2700617283950617,-0.0023148148148147696,-0.00925925925925919,-0.01157407407407407
KNN-7,LEARNING,rest_v_task,0.8888888888888888,0.8888888888888888,0.8842592592592593,0.8888888888888888,0.8888888888888888,0.875,0.1111111111111111,0.8865740740740741,0.8865740740740741,0.8888888888888888,-0.08899176954732502,-0.1592592592592592,-0.2608024691358025,0.0,0.0,-0.0023148148148147696
KNN-8,LEARNING,rest_v_task,0.8865740740740741,0.8888888888888888,0.8819444444444444,0.8842592592592593,0.8657407407407407,0.8726851851851852,0.1111111111111111,0.8819444444444444,0.8819444444444444,0.8888888888888888,-0.09387860082304511,-0.16620370370370352,-0.26388888888888884,0.0,-0.00694444444444442,-0.00694444444444442
KNN-9,LEARNING,rest_v_task,0.8888888888888888,0.8888888888888888,0.8865740740740741,0.8888888888888888,0.8888888888888888,0.8842592592592593,0.1111111111111111,0.8865740740740741,0.8842592592592593,0.8888888888888888,-0.08796296296296291,-0.15787037037037033,-0.26157407407407407,0.0,0.0,-0.0023148148148147696
KNN-10,LEARNING,rest_v_task,0.8888888888888888,0.8888888888888888,0.8842592592592593,0.8888888888888888,0.8888888888888888,0.8842592592592593,0.1111111111111111,0.8865740740740741,0.8842592592592593,0.8888888888888888,-0.08822016460905346,-0.15787037037037033,-0.26157407407407407,0.0,0.0,-0.0023148148148147696
KNN-20,LEARNING,rest_v_task,0.8888888888888888,0.8888888888888888,0.8888888888888888,0.8888888888888888,0.8888888888888888,0.8888888888888888,0.1111111111111111,0.8888888888888888,0.8888888888888888,0.8888888888888888,-0.0864197530864198,-0.15555555555555556,-0.2592592592592592,0.0,0.0,0.0
Logistic Regression,OSTEO,allpain_v_nopain,0.5526315789473685,,0.7368421052631579,0.6052631578947368,0.7368421052631579,0.7368421052631579,0.7368421052631579,0.7368421052631579,0.7236842105263158,0.7368421052631579,-0.041118421052631526,-0.0026315789473684292,-0.004385964912280715,0.0,0.0,0.0
LDA,OSTEO,allpain_v_nopain,0.4868421052631579,,0.7368421052631579,0.618421052631579,0.7368421052631579,0.7368421052631579,0.7368421052631579,0.6710526315789473,0.3026315789473684,0.7368421052631579,-0.10855263157894735,-0.09999999999999998,-0.16666666666666663,0.0,0.0,0.0
SVM,OSTEO,allpain_v_nopain,0.7368421052631579,,0.7368421052631579,0.7368421052631579,0.7236842105263158,0.7236842105263158,0.7368421052631579,0.7368421052631579,0.7368421052631579,0.7368421052631579,-0.003289473684210509,-0.0052631578947367474,0.0,0.0,0.0,0.0
KNN-1,OSTEO,allpain_v_nopain,0.5789473684210527,,0.6052631578947368,0.5789473684210527,0.42105263157894735,0.6052631578947368,0.2631578947368421,0.5263157894736842,0.5263157894736842,0.7368421052631579,-0.22368421052631582,-0.268421052631579,-0.29824561403508765,-0.13157894736842102,-0.13157894736842102,-0.21052631578947367
KNN-2,OSTEO,allpain_v_nopain,0.6447368421052632,,0.6842105263157895,0.6447368421052632,0.7236842105263158,0.7236842105263158,0.7368421052631579,0.6973684210526315,0.6842105263157895,0.7368421052631579,-0.044407894736842035,-0.023684210526315863,-0.030701754385964897,0.0,0.0,0.0
KNN-3,OSTEO,allpain_v_nopain,0.6052631578947368,,0.5657894736842105,0.6052631578947368,0.75,0.7236842105263158,0.7368421052631579,0.6578947368421053,0.6052631578947368,0.7368421052631579,-0.08059210526315774,-0.042105263157894646,-0.07017543859649122,0.013157894736842146,0.013157894736842146,0.0
KNN-4,OSTEO,allpain_v_nopain,0.6973684210526315,,0.6842105263157895,0.6973684210526315,0.7236842105263158,0.7368421052631579,0.7368421052631579,0.7368421052631579,0.6973684210526315,0.7368421052631579,-0.02302631578947356,-0.010526315789473717,-0.013157894736842035,0.0,0.0,0.0
KNN-5,OSTEO,allpain_v_nopain,0.6710526315789473,,0.6710526315789473,0.6710526315789473,0.7236842105263158,0.7368421052631579,0.7368421052631579,0.6973684210526315,0.6447368421052632,0.7368421052631579,-0.04276315789473695,-0.02894736842105261,-0.04385964912280693,0.0,0.0,0.0
KNN-6,OSTEO,allpain_v_nopain,0.7105263157894737,,0.6842105263157895,0.7105263157894737,0.7368421052631579,0.7368421052631579,0.7368421052631579,0.7105263157894737,0.6973684210526315,0.7368421052631579,-0.021381578947368363,-0.013157894736842146,-0.021929824561403577,0.0,0.0,0.0
KNN-7,OSTEO,allpain_v_nopain,0.6973684210526315,,0.6973684210526315,0.6973684210526315,0.7368421052631579,0.7368421052631579,0.7368421052631579,0.7236842105263158,0.6710526315789473,0.7368421052631579,-0.02467105263157887,-0.015789473684210464,-0.02631578947368407,0.0,0.0,0.0
KNN-8,OSTEO,allpain_v_nopain,0.7105263157894737,,0.6973684210526315,0.7105263157894737,0.7368421052631579,0.7368421052631579,0.7368421052631579,0.7236842105263158,0.7236842105263158,0.7368421052631579,-0.014802631578947345,-0.0052631578947367474,-0.00877192982456143,0.0,0.0,0.0
KNN-9,OSTEO,allpain_v_nopain,0.7236842105263158,,0.7105263157894737,0.7236842105263158,0.7368421052631579,0.7368421052631579,0.7368421052631579,0.7105263157894737,0.6842105263157895,0.7368421052631579,-0.016447368421052655,-0.015789473684210575,-0.026315789473684292,0.0,0.0,0.0
KNN-10,OSTEO,allpain_v_nopain,0.7236842105263158,,0.6973684210526315,0.7236842105263158,0.7368421052631579,0.7368421052631579,0.7368421052631579,0.7105263157894737,0.7236842105263158,0.7368421052631579,-0.013157894736842035,-0.007894736842105288,-0.013157894736842035,0.0,0.0,0.0
KNN-20,OSTEO,allpain_v_nopain,0.7368421052631579,,0.7368421052631579,0.7368421052631579,0.7368421052631579,0.7368421052631579,0.7368421052631579,0.7368421052631579,0.7368421052631579,0.7368421052631579,-1.1102230246251565e-16,0.0,0.0,0.0,0.0,0.0
Logistic Regression,OSTEO,allpain_v_duloxetine,0.37333333333333335,,0.7466666666666667,0.52,0.7466666666666667,0.7466666666666667,0.7466666666666667,0.7466666666666667,0.7466666666666667,0.7466666666666667,-0.07499999999999996,0.0,0.0,0.0,0.0,0.0
LDA,OSTEO,allpain_v_duloxetine,0.37333333333333335,,0.7466666666666667,0.56,0.7466666666666667,0.7466666666666667,0.7466666666666667,0.52,0.4,0.7466666666666667,-0.14166666666666672,-0.1146666666666667,-0.19111111111111123,0.0,0.0,0.0
SVM,OSTEO,allpain_v_duloxetine,0.7466666666666667,,0.7466666666666667,0.7466666666666667,0.7466666666666667,0.7466666666666667,0.7466666666666667,0.7466666666666667,0.7466666666666667,0.7466666666666667,0.0,0.0,0.0,0.0,0.0,0.0
KNN-1,OSTEO,allpain_v_duloxetine,0.4133333333333333,,0.4133333333333333,0.4133333333333333,0.4933333333333334,0.4666666666666667,0.2533333333333333,0.4533333333333333,0.4266666666666667,0.7466666666666667,-0.33000000000000007,-0.32800000000000007,-0.36888888888888893,-0.2533333333333333,-0.2533333333333333,-0.2933333333333334
KNN-2,OSTEO,allpain_v_duloxetine,0.7466666666666667,,0.7066666666666667,0.7466666666666667,0.72,0.6933333333333334,0.7466666666666667,0.6933333333333334,0.7333333333333333,0.7466666666666667,-0.023333333333333317,-0.029333333333333322,-0.022222222222222254,0.0,0.0,0.0
KNN-3,OSTEO,allpain_v_duloxetine,0.6266666666666667,,0.5733333333333334,0.6266666666666667,0.6933333333333334,0.6933333333333334,0.7466666666666667,0.6,0.6533333333333333,0.7466666666666667,-0.09499999999999997,-0.06933333333333336,-0.08000000000000007,0.0,0.0,0.0
KNN-4,OSTEO,allpain_v_duloxetine,0.7333333333333333,,0.7466666666666667,0.7333333333333333,0.7466666666666667,0.7466666666666667,0.7466666666666667,0.7333333333333333,0.7466666666666667,0.7466666666666667,-0.004999999999999893,-0.002666666666666706,-0.004444444444444473,0.0,0.0,0.0
KNN-5,OSTEO,allpain_v_duloxetine,0.68,,0.68,0.68,0.7466666666666667,0.7466666666666667,0.7466666666666667,0.68,0.6666666666666666,0.7466666666666667,-0.043333333333333335,-0.029333333333333322,-0.04888888888888898,0.0,0.0,0.0
KNN-6,OSTEO,allpain_v_duloxetine,0.7466666666666667,,0.7466666666666667,0.7466666666666667,0.7466666666666667,0.7466666666666667,0.7466666666666667,0.7466666666666667,0.7466666666666667,0.7466666666666667,0.0,0.0,0.0,0.0,0.0,0.0
KNN-7,OSTEO,allpain_v_duloxetine,0.7466666666666667,,0.7466666666666667,0.7466666666666667,0.7466666666666667,0.7466666666666667,0.7466666666666667,0.6666666666666666,0.7466666666666667,0.7466666666666667,-0.010000000000000009,-0.016000000000000014,-0.026666666666666616,0.0,0.0,0.0
KNN-8,OSTEO,allpain_v_duloxetine,0.7466666666666667,,0.7466666666666667,0.7466666666666667,0.7466666666666667,0.7466666666666667,0.7466666666666667,0.7333333333333333,0.7466666666666667,0.7466666666666667,-0.0016666666666665941,-0.002666666666666706,-0.004444444444444473,0.0,0.0,0.0
KNN-9,OSTEO,allpain_v_duloxetine,0.7466666666666667,,0.7333333333333333,0.7466666666666667,0.7466666666666667,0.7466666666666667,0.7466666666666667,0.7333333333333333,0.7466666666666667,0.7466666666666667,-0.0033333333333332993,-0.002666666666666706,-0.004444444444444473,0.0,0.0,0.0
KNN-10,OSTEO,allpain_v_duloxetine,0.7466666666666667,,0.7466666666666667,0.7466666666666667,0.7466666666666667,0.7466666666666667,0.7466666666666667,0.7466666666666667,0.7466666666666667,0.7466666666666667,0.0,0.0,0.0,0.0,0.0,0.0
KNN-20,OSTEO,allpain_v_duloxetine,0.7466666666666667,,0.7466666666666667,0.7466666666666667,0.7466666666666667,0.7466666666666667,0.7466666666666667,0.7466666666666667,0.7466666666666667,0.7466666666666667,0.0,0.0,0.0,0.0,0.0,0.0
Logistic Regression,OSTEO,allpain_v_pain,0.12903225806451613,,0.6021505376344086,0.3118279569892473,0.6021505376344086,0.6021505376344086,0.6021505376344086,0.6021505376344086,0.6021505376344086,0.6021505376344086,-0.09543010752688175,0.0,0.0,0.0,0.0,0.0
LDA,OSTEO,allpain_v_pain,0.0967741935483871,,0.6021505376344086,0.3333333333333333,0.6021505376344086,0.6021505376344086,0.6021505376344086,0.5268817204301075,0.5806451612903226,0.6021505376344086,-0.10887096774193555,-0.01935483870967747,-0.032258064516129115,0.0,0.0,0.0
SVM,OSTEO,allpain_v_pain,0.6021505376344086,,0.6021505376344086,0.6021505376344086,0.6021505376344086,0.6021505376344086,0.6021505376344086,0.6021505376344086,0.6021505376344086,0.6021505376344086,0.0,0.0,0.0,0.0,0.0,0.0
KNN-1,OSTEO,allpain_v_pain,0.15053763440860216,,0.1720430107526882,0.15053763440860216,0.4623655913978494,0.5483870967741935,0.3978494623655914,0.16129032258064516,0.12903225806451613,0.6021505376344086,-0.3306451612903226,-0.26236559139784943,-0.37275985663082445,-0.05376344086021512,-0.05376344086021512,-0.20430107526881724
KNN-2,OSTEO,allpain_v_pain,0.4946236559139785,,0.5376344086021505,0.4946236559139785,0.5806451612903226,0.6021505376344086,0.6021505376344086,0.4301075268817205,0.4838709677419355,0.6021505376344086,-0.07392473118279574,-0.062365591397849474,-0.09677419354838712,0.0,0.0,0.0
KNN-3,OSTEO,allpain_v_pain,0.25806451612903225,,0.26881720430107525,0.24731182795698925,0.6129032258064516,0.6021505376344086,0.6021505376344086,0.21505376344086025,0.24731182795698925,0.6021505376344086,-0.22043010752688175,-0.146236559139785,-0.2473118279569893,0.010752688172043001,0.010752688172043001,0.0
KNN-4,OSTEO,allpain_v_pain,0.5376344086021505,,0.5483870967741935,0.5268817204301075,0.5913978494623656,0.6021505376344086,0.6021505376344086,0.4623655913978494,0.5268817204301075,0.6021505376344086,-0.05241935483870974,-0.04516129032258065,-0.07168458781362008,0.0,0.0,0.0
KNN-5,OSTEO,allpain_v_pain,0.3763440860215054,,0.3440860215053764,0.3763440860215054,0.6559139784946236,0.6021505376344086,0.6021505376344086,0.2903225806451613,0.3548387096774194,0.6021505376344086,-0.15188172043010756,-0.10107526881720419,-0.1863799283154121,0.053763440860215006,0.053763440860215006,0.0
KNN-6,OSTEO,allpain_v_pain,0.5268817204301075,,0.5161290322580645,0.5268817204301075,0.6129032258064516,0.6021505376344086,0.6021505376344086,0.5376344086021505,0.5161290322580645,0.6021505376344086,-0.04704301075268824,-0.027956989247311825,-0.05017921146953408,0.010752688172043001,0.010752688172043001,0.0
KNN-7,OSTEO,allpain_v_pain,0.3763440860215054,,0.3870967741935484,0.3870967741935484,0.6021505376344086,0.6021505376344086,0.6021505376344086,0.4301075268817205,0.41935483870967744,0.6021505376344086,-0.12634408602150543,-0.07096774193548383,-0.11827956989247312,0.0,0.0,0.0
KNN-8,OSTEO,allpain_v_pain,0.6021505376344086,,0.5376344086021505,0.6021505376344086,0.6021505376344086,0.6021505376344086,0.6021505376344086,0.5698924731182796,0.5806451612903226,0.6021505376344086,-0.014784946236559127,-0.010752688172043001,-0.017921146953404965,0.0,0.0,0.0
KNN-9,OSTEO,allpain_v_pain,0.4623655913978494,,0.4623655913978494,0.4516129032258064,0.5913978494623656,0.6021505376344086,0.6021505376344086,0.4731182795698925,0.3978494623655914,0.6021505376344086,-0.09677419354838723,-0.06881720430107519,-0.1111111111111111,0.0,0.0,0.0
KNN-10,OSTEO,allpain_v_pain,0.6021505376344086,,0.5698924731182796,0.6021505376344086,0.6021505376344086,0.6021505376344086,0.6021505376344086,0.5913978494623656,0.5913978494623656,0.6021505376344086,-0.006720430107526876,-0.004301075268817178,-0.007168458781361964,0.0,0.0,0.0
KNN-20,OSTEO,allpain_v_pain,0.6021505376344086,,0.6021505376344086,0.6021505376344086,0.6021505376344086,0.6021505376344086,0.6021505376344086,0.5913978494623656,0.6021505376344086,0.6021505376344086,-0.0013440860215052641,-0.0021505376344086446,-0.0035842293906809264,0.0,0.0,0.0
Logistic Regression,OSTEO,nopain_v_pain,0.456140350877193,0.5789473684210527,0.6491228070175439,0.456140350877193,0.6491228070175439,0.6491228070175439,0.6491228070175439,0.6491228070175439,0.5964912280701754,0.6491228070175439,-0.05653021442495121,-0.010526315789473717,-0.01754385964912275,0.0,0.0,0.0
LDA,OSTEO,nopain_v_pain,0.4912280701754386,0.456140350877193,0.6140350877192983,0.4736842105263158,0.631578947368421,0.6491228070175439,0.6491228070175439,0.6842105263157895,0.6666666666666666,0.6491228070175439,-0.058479532163742576,0.007017543859649145,0.01754385964912275,0.03508771929824561,0.03508771929824561,0.03508771929824561
SVM,OSTEO,nopain_v_pain,0.6491228070175439,0.6491228070175439,0.631578947368421,0.6491228070175439,0.631578947368421,0.6491228070175439,0.6491228070175439,0.6491228070175439,0.6491228070175439,0.6491228070175439,-0.003898635477582846,-0.0035087719298245723,0.0,0.0,0.0,0.0
KNN-1,OSTEO,nopain_v_pain,0.4736842105263158,0.4736842105263158,0.5087719298245614,0.4736842105263158,0.3684210526315789,0.4035087719298245,0.3508771929824561,0.5087719298245614,0.4736842105263158,0.6491228070175439,-0.20077972709551656,-0.22807017543859653,-0.2046783625730994,-0.14035087719298245,-0.14035087719298245,-0.14035087719298245
KNN-2,OSTEO,nopain_v_pain,0.5087719298245614,0.3859649122807017,0.4736842105263158,0.5263157894736842,0.3333333333333333,0.4035087719298245,0.3508771929824561,0.3333333333333333,0.3859649122807017,0.6491228070175439,-0.2378167641325537,-0.28771929824561415,-0.29239766081871355,-0.1228070175438597,-0.2456140350877194,-0.2631578947368422
KNN-3,OSTEO,nopain_v_pain,0.4736842105263158,0.43859649122807015,0.3684210526315789,0.4736842105263158,0.3333333333333333,0.3684210526315789,0.3508771929824561,0.543859649122807,0.5087719298245614,0.6491228070175439,-0.2202729044834308,-0.22807017543859642,-0.18128654970760238,-0.10526315789473684,-0.10526315789473684,-0.10526315789473684
KNN-4,OSTEO,nopain_v_pain,0.456140350877193,0.3508771929824561,0.3333333333333333,0.456140350877193,0.3508771929824561,0.4035087719298245,0.3508771929824561,0.42105263157894735,0.4912280701754386,0.6491228070175439,-0.2475633528265107,-0.24561403508771928,-0.22807017543859653,-0.15789473684210525,-0.15789473684210525,-0.15789473684210525
KNN-5,OSTEO,nopain_v_pain,0.543859649122807,0.43859649122807015,0.4912280701754386,0.543859649122807,0.19298245614035087,0.3333333333333333,0.3508771929824561,0.5789473684210527,0.4912280701754386,0.6491228070175439,-0.20857699805068225,-0.2596491228070176,-0.17543859649122812,-0.07017543859649122,-0.07017543859649122,-0.07017543859649122
KNN-6,OSTEO,nopain_v_pain,0.4912280701754386,0.4035087719298245,0.5263157894736842,0.4912280701754386,0.19298245614035087,0.3333333333333333,0.3508771929824561,0.4736842105263158,0.5087719298245614,0.6491228070175439,-0.23001949317738796,-0.2771929824561404,-0.2046783625730994,-0.1228070175438597,-0.14035087719298245,-0.14035087719298245
KNN-7,OSTEO,nopain_v_pain,0.6140350877192983,0.4912280701754386,0.5614035087719298,0.6140350877192983,0.6140350877192983,0.5263157894736842,0.3508771929824561,0.6140350877192983,0.5263157894736842,0.6491228070175439,-0.10331384015594547,-0.1228070175438597,-0.15204678362573104,-0.03508771929824561,-0.03508771929824561,-0.03508771929824561
KNN-8,OSTEO,nopain_v_pain,0.5789473684210527,0.42105263157894735,0.5614035087719298,0.5789473684210527,0.6140350877192983,0.5263157894736842,0.3508771929824561,0.5263157894736842,0.5087719298245614,0.6491228070175439,-0.13060428849902528,-0.14385964912280702,-0.18713450292397665,-0.03508771929824561,-0.03508771929824561,-0.1228070175438597
KNN-9,OSTEO,nopain_v_pain,0.6140350877192983,0.4912280701754386,0.5789473684210527,0.6140350877192983,0.6140350877192983,0.4736842105263158,0.3508771929824561,0.5614035087719298,0.5263157894736842,0.6491228070175439,-0.11306042884990253,-0.14385964912280702,-0.1695906432748538,-0.03508771929824561,-0.03508771929824561,-0.08771929824561409
KNN-10,OSTEO,nopain_v_pain,0.543859649122807,0.4736842105263158,0.5263157894736842,0.543859649122807,0.6140350877192983,0.4736842105263158,0.3508771929824561,0.543859649122807,0.5789473684210527,0.6491228070175439,-0.13255360623781676,-0.13684210526315788,-0.15789473684210525,-0.03508771929824561,-0.03508771929824561,-0.07017543859649122
KNN-20,OSTEO,nopain_v_pain,0.6491228070175439,0.631578947368421,0.5614035087719298,0.6491228070175439,0.3508771929824561,0.4736842105263158,0.3508771929824561,0.6491228070175439,0.5789473684210527,0.6491228070175439,-0.10526315789473684,-0.16842105263157897,-0.1228070175438597,0.0,0.0,0.0
Logistic Regression,OSTEO,duloxetine_v_nopain,0.6153846153846154,,0.3333333333333333,0.5897435897435898,0.3333333333333333,0.0,0.0,0.3076923076923077,0.6923076923076923,0.5128205128205128,-0.15384615384615374,-0.2461538461538461,-0.17948717948717946,0.17948717948717952,0.17948717948717952,0.17948717948717952
LDA,OSTEO,duloxetine_v_nopain,0.4615384615384616,,0.15384615384615385,0.6410256410256411,0.6410256410256411,0.20512820512820512,0.0,0.4615384615384616,0.5384615384615384,0.5128205128205128,-0.12499999999999989,-0.14358974358974352,-0.17948717948717946,0.1282051282051283,0.1282051282051283,0.02564102564102566
SVM,OSTEO,duloxetine_v_nopain,0.2307692307692308,,0.6153846153846154,0.2307692307692308,0.5897435897435898,0.41025641025641024,0.5128205128205128,0.5897435897435898,0.6666666666666666,0.5128205128205128,-0.03205128205128199,0.0410256410256411,0.07692307692307698,0.15384615384615385,0.15384615384615385,0.15384615384615385
KNN-1,OSTEO,duloxetine_v_nopain,0.5384615384615384,,0.38461538461538464,0.5128205128205128,0.5128205128205128,0.41025641025641024,0.4871794871794872,0.5128205128205128,0.5128205128205128,0.5128205128205128,-0.028846153846153855,-0.02564102564102566,-0.008547008547008517,0.02564102564102566,0.0,0.0
KNN-2,OSTEO,duloxetine_v_nopain,0.4615384615384616,,0.4871794871794872,0.4615384615384616,0.4615384615384616,0.4615384615384616,0.4871794871794872,0.4871794871794872,0.5128205128205128,0.5128205128205128,-0.03525641025641013,-0.03076923076923066,-0.017094017094017033,0.0,0.0,0.0
KNN-3,OSTEO,duloxetine_v_nopain,0.5128205128205128,,0.35897435897435903,0.5128205128205128,0.4871794871794872,0.4615384615384616,0.4871794871794872,0.4615384615384616,0.5897435897435898,0.5128205128205128,-0.028846153846153744,-0.015384615384615219,1.1102230246251565e-16,0.07692307692307698,0.07692307692307698,0.07692307692307698
KNN-4,OSTEO,duloxetine_v_nopain,0.4871794871794872,,0.5641025641025641,0.4871794871794872,0.41025641025641024,0.4871794871794872,0.4871794871794872,0.4871794871794872,0.6666666666666666,0.5128205128205128,-0.0032051282051280827,-0.00512820512820511,0.03418803418803418,0.15384615384615385,0.15384615384615385,0.15384615384615385
KNN-5,OSTEO,duloxetine_v_nopain,0.5641025641025641,,0.5641025641025641,0.5641025641025641,0.41025641025641024,0.41025641025641024,0.4871794871794872,0.4871794871794872,0.5641025641025641,0.5128205128205128,-0.0064102564102563875,-0.04102564102564099,1.1102230246251565e-16,0.05128205128205132,0.05128205128205132,0.05128205128205132
KNN-6,OSTEO,duloxetine_v_nopain,0.5128205128205128,,0.5128205128205128,0.5128205128205128,0.4358974358974359,0.4871794871794872,0.4871794871794872,0.38461538461538464,0.6666666666666666,0.5128205128205128,-0.01282051282051283,-0.02051282051282044,0.0,0.15384615384615385,0.15384615384615385,0.15384615384615385
KNN-7,OSTEO,duloxetine_v_nopain,0.6153846153846154,,0.5897435897435898,0.6153846153846154,0.6153846153846154,0.28205128205128205,0.4871794871794872,0.5128205128205128,0.6410256410256411,0.5128205128205128,0.03205128205128216,-0.00512820512820511,0.03418803418803418,0.1282051282051283,0.1282051282051283,0.1282051282051283
KNN-8,OSTEO,duloxetine_v_nopain,0.5897435897435898,,0.6153846153846154,0.5897435897435898,0.6666666666666666,0.28205128205128205,0.4871794871794872,0.4871794871794872,0.6923076923076923,0.5128205128205128,0.03846153846153855,0.010256410256410331,0.042735042735042805,0.17948717948717952,0.17948717948717952,0.17948717948717952
KNN-9,OSTEO,duloxetine_v_nopain,0.5641025641025641,,0.5128205128205128,0.5641025641025641,0.6666666666666666,0.4358974358974359,0.4871794871794872,0.4615384615384616,0.6410256410256411,0.5128205128205128,0.028846153846153966,0.025641025641025772,0.017094017094017144,0.15384615384615385,0.15384615384615385,0.1282051282051283
KNN-10,OSTEO,duloxetine_v_nopain,0.5897435897435898,,0.6410256410256411,0.5897435897435898,0.6666666666666666,0.5641025641025641,0.4871794871794872,0.38461538461538464,0.6666666666666666,0.5128205128205128,0.060897435897436014,0.0410256410256411,0.0,0.15384615384615385,0.15384615384615385,0.15384615384615385
KNN-20,OSTEO,duloxetine_v_nopain,0.41025641025641024,,0.4358974358974359,0.41025641025641024,0.5641025641025641,0.5128205128205128,0.5128205128205128,0.5384615384615384,0.6410256410256411,0.5128205128205128,-0.009615384615384581,0.0410256410256411,0.05128205128205121,0.1282051282051283,0.1282051282051283,0.1282051282051283
Logistic Regression,OSTEO,duloxetine_v_pain,0.5178571428571429,,0.6607142857142857,0.5535714285714286,0.6607142857142857,0.6607142857142857,0.6607142857142857,0.6607142857142857,0.5892857142857143,0.6607142857142857,-0.0401785714285714,-0.014285714285714235,-0.023809523809523836,0.0,0.0,0.0
LDA,OSTEO,duloxetine_v_pain,0.5357142857142857,,0.6428571428571429,0.6071428571428571,0.6607142857142857,0.6607142857142857,0.6607142857142857,0.6071428571428571,0.4642857142857143,0.6607142857142857,-0.0558035714285714,-0.04999999999999993,-0.08333333333333326,0.0,0.0,0.0
SVM,OSTEO,duloxetine_v_pain,0.6607142857142857,,0.5892857142857143,0.6607142857142857,0.6607142857142857,0.6607142857142857,0.6607142857142857,0.6607142857142857,0.6607142857142857,0.6607142857142857,-0.008928571428571397,0.0,0.0,0.0,0.0,0.0
KNN-1,OSTEO,duloxetine_v_pain,0.5357142857142857,,0.5714285714285714,0.5357142857142857,0.35714285714285715,0.3035714285714285,0.3392857142857143,0.6785714285714286,0.5,0.6607142857142857,-0.1830357142857143,-0.22500000000000003,-0.15476190476190477,0.017857142857142905,0.017857142857142905,0.017857142857142905
KNN-2,OSTEO,duloxetine_v_pain,0.44642857142857145,,0.625,0.42857142857142855,0.32142857142857145,0.3035714285714285,0.3392857142857143,0.5714285714285714,0.4642857142857143,0.6607142857142857,-0.2232142857142857,-0.2607142857142857,-0.20238095238095238,-0.0357142857142857,-0.0892857142857143,-0.0892857142857143
KNN-3,OSTEO,duloxetine_v_pain,0.5357142857142857,,0.6428571428571429,0.5357142857142857,0.3928571428571429,0.25,0.3392857142857143,0.625,0.5178571428571429,0.6607142857142857,-0.1808035714285714,-0.2357142857142857,-0.16666666666666663,-0.017857142857142794,-0.0357142857142857,-0.0357142857142857
KNN-4,OSTEO,duloxetine_v_pain,0.5178571428571429,,0.5535714285714286,0.5178571428571429,0.42857142857142855,0.3035714285714285,0.3392857142857143,0.4107142857142857,0.5892857142857143,0.6607142857142857,-0.203125,-0.24642857142857144,-0.21428571428571425,-0.0714285714285714,-0.0714285714285714,-0.0714285714285714
KNN-5,OSTEO,duloxetine_v_pain,0.5714285714285714,,0.5714285714285714,0.5714285714285714,0.4821428571428572,0.32142857142857145,0.3392857142857143,0.6428571428571429,0.4821428571428572,0.6607142857142857,-0.16294642857142855,-0.20714285714285713,-0.17261904761904756,-0.017857142857142794,-0.017857142857142794,-0.017857142857142794
KNN-6,OSTEO,duloxetine_v_pain,0.5,,0.5,0.5,0.4821428571428572,0.32142857142857145,0.3392857142857143,0.6071428571428571,0.5178571428571429,0.6607142857142857,-0.18973214285714285,-0.20714285714285713,-0.17261904761904756,-0.0535714285714286,-0.0535714285714286,-0.0535714285714286
KNN-7,OSTEO,duloxetine_v_pain,0.5714285714285714,,0.6428571428571429,0.5714285714285714,0.6607142857142857,0.35714285714285715,0.3392857142857143,0.6785714285714286,0.5535714285714286,0.6607142857142857,-0.1138392857142857,-0.1428571428571428,-0.13690476190476186,0.017857142857142905,0.017857142857142905,0.017857142857142905
KNN-8,OSTEO,duloxetine_v_pain,0.5535714285714286,,0.5535714285714286,0.5535714285714286,0.6607142857142857,0.32142857142857145,0.3392857142857143,0.625,0.5892857142857143,0.6607142857142857,-0.1361607142857142,-0.15357142857142847,-0.1428571428571428,0.0,0.0,-0.0357142857142857
KNN-9,OSTEO,duloxetine_v_pain,0.5892857142857143,,0.5892857142857143,0.5892857142857143,0.6607142857142857,0.6071428571428571,0.3392857142857143,0.625,0.5178571428571429,0.6607142857142857,-0.0959821428571428,-0.11071428571428565,-0.16666666666666663,0.0,0.0,-0.0357142857142857
KNN-10,OSTEO,duloxetine_v_pain,0.5357142857142857,,0.5357142857142857,0.5357142857142857,0.6607142857142857,0.6071428571428571,0.3392857142857143,0.6428571428571429,0.5535714285714286,0.6607142857142857,-0.109375,-0.09999999999999998,-0.14880952380952372,0.0,0.0,-0.017857142857142794
KNN-20,OSTEO,duloxetine_v_pain,0.6607142857142857,,0.6607142857142857,0.6607142857142857,0.4642857142857143,0.6428571428571429,0.3392857142857143,0.5892857142857143,0.6607142857142857,0.6607142857142857,-0.0758928571428572,-0.12142857142857133,-0.13095238095238093,0.0,0.0,0.0
Logistic Regression,PSYCH_VIGILANCE_SES-1,high_v_low,0.6136363636363636,0.625,0.5454545454545454,0.6477272727272727,0.5454545454545454,0.5454545454545454,0.5454545454545454,0.5340909090909091,0.6477272727272727,0.5454545454545454,0.037878787878787845,0.0181818181818183,0.030303030303030387,0.10227272727272729,0.10227272727272729,0.10227272727272729
LDA,PSYCH_VIGILANCE_SES-1,high_v_low,0.5113636363636364,0.5454545454545454,0.5113636363636364,0.6590909090909091,0.4772727272727273,0.4886363636363637,0.0,0.4431818181818182,0.5113636363636364,0.5454545454545454,-0.08459595959595956,-0.16136363636363632,-0.22727272727272724,0.11363636363636365,-0.03409090909090906,-0.03409090909090906
SVM,PSYCH_VIGILANCE_SES-1,high_v_low,0.4772727272727273,0.5454545454545454,0.3636363636363637,0.5,0.5227272727272727,0.5227272727272727,0.5454545454545454,0.5454545454545454,0.6931818181818182,0.5454545454545454,-0.02146464646464641,0.020454545454545503,0.04924242424242431,0.14772727272727282,0.14772727272727282,0.14772727272727282
KNN-1,PSYCH_VIGILANCE_SES-1,high_v_low,0.6477272727272727,0.5909090909090909,0.4545454545454545,0.6590909090909091,0.4772727272727273,0.5340909090909091,0.4545454545454545,0.5,0.5681818181818182,0.5454545454545454,-0.002525252525252486,-0.03863636363636358,-0.037878787878787845,0.11363636363636365,0.022727272727272818,0.022727272727272818
KNN-2,PSYCH_VIGILANCE_SES-1,high_v_low,0.6704545454545454,0.7045454545454546,0.5795454545454546,0.6704545454545454,0.6136363636363636,0.5340909090909091,0.5454545454545454,0.5454545454545454,0.6477272727272727,0.5454545454545454,0.06691919191919193,0.031818181818181746,0.03409090909090906,0.15909090909090917,0.10227272727272729,0.10227272727272729
KNN-3,PSYCH_VIGILANCE_SES-1,high_v_low,0.6136363636363636,0.7045454545454546,0.5795454545454546,0.6022727272727273,0.6022727272727273,0.5340909090909091,0.5454545454545454,0.5340909090909091,0.6477272727272727,0.5454545454545454,0.0505050505050505,0.027272727272727226,0.030303030303030387,0.15909090909090917,0.10227272727272729,0.10227272727272729
KNN-4,PSYCH_VIGILANCE_SES-1,high_v_low,0.5454545454545454,0.6931818181818182,0.5909090909090909,0.5340909090909091,0.5340909090909091,0.5568181818181818,0.5454545454545454,0.5795454545454546,0.6931818181818182,0.5454545454545454,0.04040404040404055,0.036363636363636376,0.06060606060606066,0.14772727272727282,0.14772727272727282,0.14772727272727282
KNN-5,PSYCH_VIGILANCE_SES-1,high_v_low,0.5909090909090909,0.6818181818181818,0.6136363636363636,0.5795454545454546,0.4090909090909091,0.5,0.5454545454545454,0.5454545454545454,0.625,0.5454545454545454,0.02020202020202022,-0.020454545454545392,0.02651515151515149,0.13636363636363635,0.07954545454545459,0.07954545454545459
KNN-6,PSYCH_VIGILANCE_SES-1,high_v_low,0.6022727272727273,0.7159090909090909,0.6363636363636364,0.5681818181818182,0.5,0.4886363636363637,0.5454545454545454,0.5909090909090909,0.6022727272727273,0.5454545454545454,0.03787878787878807,1.1102230246251565e-16,0.03409090909090906,0.17045454545454553,0.05681818181818188,0.05681818181818188
KNN-7,PSYCH_VIGILANCE_SES-1,high_v_low,0.5795454545454546,0.7159090909090909,0.6136363636363636,0.5568181818181818,0.4431818181818182,0.5681818181818182,0.5454545454545454,0.4772727272727273,0.625,0.5454545454545454,0.023989898989899006,-0.013636363636363558,0.0037878787878787845,0.17045454545454553,0.07954545454545459,0.07954545454545459
KNN-8,PSYCH_VIGILANCE_SES-1,high_v_low,0.5340909090909091,0.7045454545454546,0.6363636363636364,0.5454545454545454,0.5340909090909091,0.5454545454545454,0.5454545454545454,0.6022727272727273,0.5909090909090909,0.5454545454545454,0.03661616161616177,0.0181818181818183,0.03409090909090917,0.15909090909090917,0.05681818181818188,0.05681818181818188
KNN-9,PSYCH_VIGILANCE_SES-1,high_v_low,0.5568181818181818,0.7159090909090909,0.5340909090909091,0.5568181818181818,0.4772727272727273,0.5227272727272727,0.5454545454545454,0.5568181818181818,0.6022727272727273,0.5454545454545454,0.017676767676767624,-0.00454545454545463,0.022727272727272707,0.17045454545454553,0.05681818181818188,0.05681818181818188
KNN-10,PSYCH_VIGILANCE_SES-1,high_v_low,0.5795454545454546,0.7045454545454546,0.5681818181818182,0.5795454545454546,0.5454545454545454,0.4659090909090909,0.5454545454545454,0.6022727272727273,0.5909090909090909,0.5454545454545454,0.030303030303030387,0.00454545454545463,0.03409090909090917,0.15909090909090917,0.05681818181818188,0.05681818181818188
KNN-20,PSYCH_VIGILANCE_SES-1,high_v_low,0.5795454545454546,0.7045454545454546,0.5909090909090909,0.5795454545454546,0.5454545454545454,0.4545454545454545,0.5454545454545454,0.5681818181818182,0.6818181818181818,0.5454545454545454,0.037878787878787956,0.013636363636363669,0.053030303030303094,0.15909090909090917,0.13636363636363635,0.13636363636363635
Logistic Regression,PSYCH_VIGILANCE_SES-2,high_v_low,0.5340909090909091,0.4545454545454545,0.03409090909090909,0.5795454545454546,0.0,0.0,0.0,0.4204545454545455,0.5454545454545454,0.5,-0.2146464646464647,-0.3068181818181818,-0.17803030303030304,0.07954545454545459,0.045454545454545414,0.045454545454545414
LDA,PSYCH_VIGILANCE_SES-2,high_v_low,0.5,0.5909090909090909,0.14772727272727273,0.5795454545454546,0.375,0.0,0.0,0.4545454545454545,0.4659090909090909,0.5,-0.1540404040404041,-0.2409090909090909,-0.19318181818181818,0.09090909090909094,-0.034090909090909116,-0.034090909090909116
SVM,PSYCH_VIGILANCE_SES-2,high_v_low,0.2840909090909091,0.0,0.625,0.4204545454545455,0.2159090909090909,0.5568181818181818,0.0,0.5227272727272727,0.5454545454545454,0.5,-0.1477272727272727,-0.13181818181818183,-0.14393939393939398,0.125,0.05681818181818177,0.045454545454545414
KNN-1,PSYCH_VIGILANCE_SES-2,high_v_low,0.5568181818181818,0.5909090909090909,0.5454545454545454,0.5454545454545454,0.4431818181818182,0.6022727272727273,0.5,0.4772727272727273,0.4431818181818182,0.5,0.022727272727272707,-0.006818181818181834,-0.026515151515151547,0.10227272727272729,0.10227272727272729,0.0
KNN-2,PSYCH_VIGILANCE_SES-2,high_v_low,0.6022727272727273,0.5454545454545454,0.6363636363636364,0.6022727272727273,0.4545454545454545,0.4659090909090909,0.5,0.4431818181818182,0.5113636363636364,0.5,0.02904040404040409,-0.025000000000000022,-0.015151515151515138,0.13636363636363635,0.011363636363636354,0.011363636363636354
KNN-3,PSYCH_VIGILANCE_SES-2,high_v_low,0.6022727272727273,0.5454545454545454,0.5909090909090909,0.6136363636363636,0.4318181818181818,0.5113636363636364,0.5,0.4772727272727273,0.4886363636363637,0.5,0.02904040404040409,-0.018181818181818188,-0.011363636363636298,0.11363636363636365,0.011363636363636354,0.0
KNN-4,PSYCH_VIGILANCE_SES-2,high_v_low,0.5113636363636364,0.5909090909090909,0.6363636363636364,0.5113636363636364,0.4431818181818182,0.5227272727272727,0.5,0.4431818181818182,0.4545454545454545,0.5,0.012626262626262541,-0.027272727272727337,-0.03409090909090917,0.13636363636363635,0.022727272727272707,0.0
KNN-5,PSYCH_VIGILANCE_SES-2,high_v_low,0.5909090909090909,0.4886363636363637,0.5909090909090909,0.5795454545454546,0.4545454545454545,0.6022727272727273,0.5,0.5454545454545454,0.4545454545454545,0.5,0.03409090909090895,0.011363636363636354,0.0,0.10227272727272729,0.10227272727272729,0.045454545454545414
KNN-6,PSYCH_VIGILANCE_SES-2,high_v_low,0.6022727272727273,0.4772727272727273,0.5795454545454546,0.5909090909090909,0.4659090909090909,0.5568181818181818,0.5,0.4318181818181818,0.4772727272727273,0.5,0.020202020202020332,-0.013636363636363669,-0.030303030303030276,0.10227272727272729,0.05681818181818177,0.0
KNN-7,PSYCH_VIGILANCE_SES-2,high_v_low,0.6136363636363636,0.4318181818181818,0.5681818181818182,0.6136363636363636,0.4204545454545455,0.6022727272727273,0.5,0.5,0.4090909090909091,0.5,0.017676767676767735,-0.013636363636363558,-0.030303030303030276,0.11363636363636365,0.10227272727272729,0.0
KNN-8,PSYCH_VIGILANCE_SES-2,high_v_low,0.6022727272727273,0.5,0.625,0.6022727272727273,0.375,0.5568181818181818,0.5,0.4772727272727273,0.4090909090909091,0.5,0.016414141414141437,-0.03636363636363643,-0.037878787878787845,0.125,0.05681818181818177,0.0
KNN-9,PSYCH_VIGILANCE_SES-2,high_v_low,0.5909090909090909,0.4772727272727273,0.5795454545454546,0.5909090909090909,0.4772727272727273,0.5681818181818182,0.5,0.4545454545454545,0.4204545454545455,0.5,0.017676767676767735,-0.01590909090909093,-0.041666666666666685,0.09090909090909094,0.06818181818181823,0.0
KNN-10,PSYCH_VIGILANCE_SES-2,high_v_low,0.6136363636363636,0.5227272727272727,0.6136363636363636,0.6022727272727273,0.4886363636363637,0.5681818181818182,0.5,0.3636363636363637,0.4545454545454545,0.5,0.025252525252525193,-0.025000000000000022,-0.06060606060606055,0.11363636363636365,0.06818181818181823,0.0
KNN-20,PSYCH_VIGILANCE_SES-2,high_v_low,0.5568181818181818,0.5113636363636364,0.6363636363636364,0.5568181818181818,0.4772727272727273,0.5681818181818182,0.5,0.3863636363636364,0.4545454545454545,0.5,0.016414141414141437,-0.022727272727272763,-0.05303030303030304,0.13636363636363635,0.06818181818181823,0.0
Logistic Regression,PSYCH_TASK_ATTENTION_SES-1,high_v_low,0.5113636363636364,0.5,0.5909090909090909,0.5,0.5909090909090909,0.5909090909090909,0.5909090909090909,0.5795454545454546,0.5795454545454546,0.5909090909090909,-0.031565656565656464,-0.004545454545454519,-0.007575757575757569,0.0,0.0,0.0
LDA,PSYCH_TASK_ATTENTION_SES-1,high_v_low,0.4204545454545455,0.4090909090909091,0.5909090909090909,0.5568181818181818,0.6136363636363636,0.5681818181818182,0.5909090909090909,0.6136363636363636,0.5454545454545454,0.5909090909090909,-0.045454545454545414,-0.004545454545454519,-0.007575757575757569,0.022727272727272707,0.022727272727272707,0.022727272727272707
SVM,PSYCH_TASK_ATTENTION_SES-1,high_v_low,0.6363636363636364,0.5909090909090909,0.625,0.6590909090909091,0.5909090909090909,0.6136363636363636,0.5909090909090909,0.625,0.6022727272727273,0.5909090909090909,0.023989898989899006,0.013636363636363558,0.015151515151515138,0.06818181818181812,0.03409090909090906,0.03409090909090906
KNN-1,PSYCH_TASK_ATTENTION_SES-1,high_v_low,0.6022727272727273,0.5113636363636364,0.5681818181818182,0.5454545454545454,0.5113636363636364,0.5681818181818182,0.4090909090909091,0.5568181818181818,0.5227272727272727,0.5909090909090909,-0.058080808080808066,-0.07727272727272727,-0.09469696969696978,0.011363636363636354,-0.022727272727272707,-0.03409090909090917
KNN-2,PSYCH_TASK_ATTENTION_SES-1,high_v_low,0.6022727272727273,0.5454545454545454,0.5909090909090909,0.6022727272727273,0.6477272727272727,0.6136363636363636,0.5909090909090909,0.5340909090909091,0.6136363636363636,0.5909090909090909,0.002525252525252375,0.009090909090909038,-0.011363636363636354,0.05681818181818177,0.05681818181818177,0.022727272727272707
KNN-3,PSYCH_TASK_ATTENTION_SES-1,high_v_low,0.4545454545454545,0.4886363636363637,0.5454545454545454,0.4772727272727273,0.5568181818181818,0.5568181818181818,0.5909090909090909,0.5568181818181818,0.6931818181818182,0.5909090909090909,-0.04419191919191923,0.0,0.022727272727272707,0.10227272727272729,0.10227272727272729,0.10227272727272729
KNN-4,PSYCH_TASK_ATTENTION_SES-1,high_v_low,0.5909090909090909,0.5681818181818182,0.6363636363636364,0.6136363636363636,0.625,0.5795454545454546,0.5909090909090909,0.5681818181818182,0.6022727272727273,0.5909090909090909,0.0063131313131313815,0.002272727272727204,-0.0037878787878787845,0.045454545454545414,0.03409090909090906,0.011363636363636354
KNN-5,PSYCH_TASK_ATTENTION_SES-1,high_v_low,0.5909090909090909,0.5113636363636364,0.625,0.5909090909090909,0.6590909090909091,0.4886363636363637,0.5909090909090909,0.5568181818181818,0.6136363636363636,0.5909090909090909,-0.010101010101010166,-0.00909090909090915,-0.0037878787878788955,0.06818181818181812,0.06818181818181812,0.022727272727272707
KNN-6,PSYCH_TASK_ATTENTION_SES-1,high_v_low,0.6022727272727273,0.5454545454545454,0.6363636363636364,0.5909090909090909,0.6363636363636364,0.6136363636363636,0.5909090909090909,0.5454545454545454,0.5227272727272727,0.5909090909090909,-0.0037878787878787845,-0.00909090909090915,-0.037878787878787956,0.045454545454545414,0.045454545454545414,0.0
KNN-7,PSYCH_TASK_ATTENTION_SES-1,high_v_low,0.6136363636363636,0.5681818181818182,0.6363636363636364,0.625,0.6477272727272727,0.5568181818181818,0.5909090909090909,0.6363636363636364,0.6022727272727273,0.5909090909090909,0.017676767676767624,0.015909090909090873,0.018939393939393923,0.05681818181818177,0.05681818181818177,0.045454545454545414
KNN-8,PSYCH_TASK_ATTENTION_SES-1,high_v_low,0.6363636363636364,0.5454545454545454,0.6022727272727273,0.625,0.6136363636363636,0.5340909090909091,0.5909090909090909,0.5909090909090909,0.5909090909090909,0.5909090909090909,0.0012626262626261875,-0.006818181818181834,0.0,0.045454545454545414,0.022727272727272707,0.0
KNN-9,PSYCH_TASK_ATTENTION_SES-1,high_v_low,0.6363636363636364,0.5568181818181818,0.5909090909090909,0.6477272727272727,0.6363636363636364,0.5,0.5909090909090909,0.6136363636363636,0.6022727272727273,0.5909090909090909,0.0063131313131312705,-0.002272727272727315,0.011363636363636354,0.05681818181818177,0.045454545454545414,0.022727272727272707
KNN-10,PSYCH_TASK_ATTENTION_SES-1,high_v_low,0.6136363636363636,0.6022727272727273,0.625,0.6136363636363636,0.6363636363636364,0.4886363636363637,0.5909090909090909,0.6022727272727273,0.6590909090909091,0.5909090909090909,0.012626262626262652,0.004545454545454519,0.026515151515151603,0.06818181818181812,0.06818181818181812,0.06818181818181812
KNN-20,PSYCH_TASK_ATTENTION_SES-1,high_v_low,0.6022727272727273,0.5,0.5795454545454546,0.6022727272727273,0.5795454545454546,0.6477272727272727,0.5909090909090909,0.6136363636363636,0.4886363636363637,0.5909090909090909,-0.012626262626262652,-0.006818181818181723,-0.02651515151515149,0.05681818181818177,0.05681818181818177,0.022727272727272707
Logistic Regression,PSYCH_TASK_ATTENTION_SES-2,high_v_low,0.6931818181818182,0.6590909090909091,0.6818181818181818,0.6704545454545454,0.6818181818181818,0.6818181818181818,0.6818181818181818,0.6818181818181818,0.7045454545454546,0.6818181818181818,1.1102230246251565e-16,0.004545454545454519,0.00757575757575768,0.022727272727272818,0.022727272727272818,0.022727272727272818
LDA,PSYCH_TASK_ATTENTION_SES-2,high_v_low,0.6818181818181818,0.5,0.6818181818181818,0.7272727272727273,0.6818181818181818,0.6818181818181818,0.6818181818181818,0.6477272727272727,0.5568181818181818,0.6818181818181818,-0.03282828282828276,-0.031818181818181746,-0.05303030303030298,0.045454545454545525,0.0,0.0
SVM,PSYCH_TASK_ATTENTION_SES-2,high_v_low,0.6704545454545454,0.6818181818181818,0.6818181818181818,0.6590909090909091,0.6477272727272727,0.6704545454545454,0.6818181818181818,0.7045454545454546,0.7954545454545454,0.6818181818181818,0.0063131313131311595,0.018181818181818188,0.045454545454545414,0.11363636363636365,0.11363636363636365,0.11363636363636365
KNN-1,PSYCH_TASK_ATTENTION_SES-2,high_v_low,0.75,0.5909090909090909,0.6136363636363636,0.7159090909090909,0.6363636363636364,0.6022727272727273,0.3181818181818182,0.6704545454545454,0.6363636363636364,0.6818181818181818,-0.06691919191919171,-0.10909090909090902,-0.14015151515151514,0.06818181818181823,-0.011363636363636354,-0.011363636363636354
KNN-2,PSYCH_TASK_ATTENTION_SES-2,high_v_low,0.7159090909090909,0.6590909090909091,0.6704545454545454,0.7159090909090909,0.6477272727272727,0.6363636363636364,0.6818181818181818,0.6590909090909091,0.6590909090909091,0.6818181818181818,-0.010101010101010055,-0.02499999999999991,-0.015151515151515138,0.03409090909090917,0.0,0.0
KNN-3,PSYCH_TASK_ATTENTION_SES-2,high_v_low,0.6704545454545454,0.6477272727272727,0.6477272727272727,0.6818181818181818,0.6704545454545454,0.6363636363636364,0.6818181818181818,0.6931818181818182,0.7045454545454546,0.6818181818181818,-0.011363636363636354,-0.004545454545454519,0.011363636363636465,0.022727272727272818,0.022727272727272818,0.022727272727272818
KNN-4,PSYCH_TASK_ATTENTION_SES-2,high_v_low,0.7272727272727273,0.6704545454545454,0.6931818181818182,0.7272727272727273,0.6590909090909091,0.7045454545454546,0.6818181818181818,0.6704545454545454,0.75,0.6818181818181818,0.016414141414141437,0.011363636363636354,0.018939393939393923,0.06818181818181823,0.06818181818181823,0.06818181818181823
KNN-5,PSYCH_TASK_ATTENTION_SES-2,high_v_low,0.7272727272727273,0.6363636363636364,0.6704545454545454,0.7272727272727273,0.625,0.6931818181818182,0.6818181818181818,0.7045454545454546,0.7159090909090909,0.6818181818181818,0.005050505050505194,0.002272727272727315,0.018939393939393923,0.045454545454545525,0.03409090909090917,0.03409090909090917
KNN-6,PSYCH_TASK_ATTENTION_SES-2,high_v_low,0.7386363636363636,0.6590909090909091,0.6931818181818182,0.7272727272727273,0.6590909090909091,0.6477272727272727,0.6818181818181818,0.6931818181818182,0.7159090909090909,0.6818181818181818,0.008838383838383868,-0.002272727272727315,0.015151515151515138,0.05681818181818188,0.03409090909090917,0.03409090909090917
KNN-7,PSYCH_TASK_ATTENTION_SES-2,high_v_low,0.7386363636363636,0.6363636363636364,0.6477272727272727,0.7386363636363636,0.6704545454545454,0.625,0.6818181818181818,0.7159090909090909,0.7159090909090909,0.6818181818181818,0.0037878787878788955,0.0,0.022727272727272818,0.05681818181818188,0.03409090909090917,0.03409090909090917
KNN-8,PSYCH_TASK_ATTENTION_SES-2,high_v_low,0.6931818181818182,0.6477272727272727,0.6136363636363636,0.6931818181818182,0.6590909090909091,0.6590909090909091,0.6818181818181818,0.6818181818181818,0.7272727272727273,0.6818181818181818,-0.008838383838383757,1.1102230246251565e-16,0.015151515151515138,0.045454545454545525,0.045454545454545525,0.045454545454545525
KNN-9,PSYCH_TASK_ATTENTION_SES-2,high_v_low,0.6931818181818182,0.6704545454545454,0.6022727272727273,0.6931818181818182,0.6590909090909091,0.6363636363636364,0.6818181818181818,0.75,0.75,0.6818181818181818,1.1102230246251565e-16,0.013636363636363669,0.045454545454545414,0.06818181818181823,0.06818181818181823,0.06818181818181823
KNN-10,PSYCH_TASK_ATTENTION_SES-2,high_v_low,0.6818181818181818,0.7045454545454546,0.6022727272727273,0.6818181818181818,0.6818181818181818,0.6818181818181818,0.6818181818181818,0.7272727272727273,0.7159090909090909,0.6818181818181818,0.002525252525252597,0.015909090909090873,0.026515151515151603,0.045454545454545525,0.045454545454545525,0.045454545454545525
KNN-20,PSYCH_TASK_ATTENTION_SES-2,high_v_low,0.6477272727272727,0.7045454545454546,0.6477272727272727,0.6477272727272727,0.6818181818181818,0.6818181818181818,0.6818181818181818,0.7727272727272727,0.7954545454545454,0.6818181818181818,0.01388888888888895,0.040909090909091006,0.06818181818181823,0.11363636363636365,0.11363636363636365,0.11363636363636365
Logistic Regression,PSYCH_WEEKLY_ATTENTION_SES-1,high_v_low,0.5340909090909091,0.5227272727272727,0.5454545454545454,0.5113636363636364,0.5454545454545454,0.5454545454545454,0.5454545454545454,0.5454545454545454,0.5,0.5454545454545454,-0.012626262626262652,-0.009090909090909038,-0.015151515151515138,0.0,0.0,0.0
LDA,PSYCH_WEEKLY_ATTENTION_SES-1,high_v_low,0.5568181818181818,0.7386363636363636,0.5454545454545454,0.5227272727272727,0.5227272727272727,0.5454545454545454,0.0,0.5795454545454546,0.5909090909090909,0.5454545454545454,-0.03409090909090917,-0.09772727272727266,-0.15530303030303028,0.19318181818181823,0.045454545454545525,0.045454545454545525
SVM,PSYCH_WEEKLY_ATTENTION_SES-1,high_v_low,0.5454545454545454,0.5454545454545454,0.5795454545454546,0.5454545454545454,0.2727272727272727,0.5454545454545454,0.5454545454545454,0.5454545454545454,0.5454545454545454,0.5454545454545454,-0.02651515151515149,-0.054545454545454564,0.0,0.03409090909090917,0.0,0.0
KNN-1,PSYCH_WEEKLY_ATTENTION_SES-1,high_v_low,0.5113636363636364,0.5454545454545454,0.4659090909090909,0.4886363636363637,0.4204545454545455,0.5568181818181818,0.4545454545454545,0.5340909090909091,0.4772727272727273,0.5454545454545454,-0.0505050505050505,-0.05681818181818177,-0.05681818181818182,0.011363636363636354,0.011363636363636354,-0.011363636363636354
KNN-2,PSYCH_WEEKLY_ATTENTION_SES-1,high_v_low,0.5454545454545454,0.5681818181818182,0.5340909090909091,0.5340909090909091,0.5454545454545454,0.4772727272727273,0.5454545454545454,0.5568181818181818,0.5,0.5454545454545454,-0.011363636363636354,-0.020454545454545392,-0.011363636363636354,0.022727272727272818,0.011363636363636354,0.011363636363636354
KNN-3,PSYCH_WEEKLY_ATTENTION_SES-1,high_v_low,0.4659090909090909,0.5227272727272727,0.5568181818181818,0.4772727272727273,0.5113636363636364,0.4545454545454545,0.5454545454545454,0.5795454545454546,0.5340909090909091,0.5454545454545454,-0.029040404040403978,-0.020454545454545392,0.00757575757575768,0.03409090909090917,0.03409090909090917,0.03409090909090917
KNN-4,PSYCH_WEEKLY_ATTENTION_SES-1,high_v_low,0.4545454545454545,0.5795454545454546,0.4659090909090909,0.4659090909090909,0.5454545454545454,0.5227272727272727,0.5454545454545454,0.6022727272727273,0.5681818181818182,0.5454545454545454,-0.017676767676767624,0.011363636363636465,0.02651515151515149,0.05681818181818188,0.05681818181818188,0.05681818181818188
KNN-5,PSYCH_WEEKLY_ATTENTION_SES-1,high_v_low,0.4659090909090909,0.5454545454545454,0.5113636363636364,0.4204545454545455,0.5340909090909091,0.3977272727272727,0.5454545454545454,0.5681818181818182,0.5795454545454546,0.5454545454545454,-0.037878787878787845,-0.020454545454545392,0.018939393939394034,0.03409090909090917,0.03409090909090917,0.03409090909090917
KNN-6,PSYCH_WEEKLY_ATTENTION_SES-1,high_v_low,0.4886363636363637,0.5681818181818182,0.5340909090909091,0.4886363636363637,0.5454545454545454,0.5,0.5454545454545454,0.5568181818181818,0.6477272727272727,0.5454545454545454,-0.0037878787878788955,0.013636363636363558,0.037878787878787845,0.10227272727272729,0.10227272727272729,0.10227272727272729
KNN-7,PSYCH_WEEKLY_ATTENTION_SES-1,high_v_low,0.5,0.5681818181818182,0.5113636363636364,0.4772727272727273,0.5454545454545454,0.4659090909090909,0.5454545454545454,0.5454545454545454,0.5681818181818182,0.5454545454545454,-0.02020202020202011,-0.011363636363636354,0.00757575757575768,0.022727272727272818,0.022727272727272818,0.022727272727272818
KNN-8,PSYCH_WEEKLY_ATTENTION_SES-1,high_v_low,0.4659090909090909,0.5909090909090909,0.4772727272727273,0.4659090909090909,0.5454545454545454,0.6136363636363636,0.5454545454545454,0.5,0.6136363636363636,0.5454545454545454,-0.010101010101010055,0.0181818181818183,0.00757575757575768,0.06818181818181823,0.06818181818181823,0.06818181818181823
KNN-9,PSYCH_WEEKLY_ATTENTION_SES-1,high_v_low,0.4772727272727273,0.5795454545454546,0.4659090909090909,0.5,0.5454545454545454,0.5113636363636364,0.5454545454545454,0.5113636363636364,0.5795454545454546,0.5454545454545454,-0.02146464646464652,-0.006818181818181834,0.0,0.03409090909090917,0.03409090909090917,0.03409090909090917
KNN-10,PSYCH_WEEKLY_ATTENTION_SES-1,high_v_low,0.5,0.625,0.4431818181818182,0.5,0.5454545454545454,0.5568181818181818,0.5454545454545454,0.4659090909090909,0.5681818181818182,0.5454545454545454,-0.017676767676767624,-0.009090909090909038,-0.018939393939393923,0.07954545454545459,0.022727272727272818,0.022727272727272818
KNN-20,PSYCH_WEEKLY_ATTENTION_SES-1,high_v_low,0.4772727272727273,0.6590909090909091,0.4886363636363637,0.4886363636363637,0.2954545454545455,0.625,0.5454545454545454,0.4545454545454545,0.5340909090909091,0.5454545454545454,-0.037878787878787845,-0.05454545454545451,-0.03409090909090906,0.11363636363636365,0.07954545454545459,0.0
Logistic Regression,PSYCH_WEEKLY_ATTENTION_SES-2,high_v_low,0.6704545454545454,0.5795454545454546,0.6818181818181818,0.75,0.6818181818181818,0.6818181818181818,0.6818181818181818,0.6818181818181818,0.6704545454545454,0.6818181818181818,-0.0063131313131313815,-0.002272727272727315,-0.0037878787878786735,0.06818181818181823,0.0,0.0
LDA,PSYCH_WEEKLY_ATTENTION_SES-2,high_v_low,0.75,0.3977272727272727,0.6590909090909091,0.7613636363636364,0.6818181818181818,0.6590909090909091,0.6818181818181818,0.5454545454545454,0.8068181818181818,0.6818181818181818,-0.02146464646464641,-0.006818181818181834,-0.0037878787878788955,0.125,0.125,0.125
SVM,PSYCH_WEEKLY_ATTENTION_SES-2,high_v_low,0.6818181818181818,0.6818181818181818,0.6818181818181818,0.6818181818181818,0.6818181818181818,0.7045454545454546,0.6818181818181818,0.6818181818181818,0.6818181818181818,0.6818181818181818,0.002525252525252486,0.004545454545454519,0.0,0.022727272727272818,0.022727272727272818,0.0
KNN-1,PSYCH_WEEKLY_ATTENTION_SES-2,high_v_low,0.6363636363636364,0.5795454545454546,0.6818181818181818,0.5795454545454546,0.5681818181818182,0.6477272727272727,0.3181818181818182,0.5909090909090909,0.5568181818181818,0.6818181818181818,-0.10858585858585867,-0.1454545454545454,-0.19318181818181818,0.0,-0.03409090909090906,-0.09090909090909083
KNN-2,PSYCH_WEEKLY_ATTENTION_SES-2,high_v_low,0.6704545454545454,0.6818181818181818,0.7272727272727273,0.6477272727272727,0.5568181818181818,0.6704545454545454,0.6818181818181818,0.6363636363636364,0.6818181818181818,0.6818181818181818,-0.020202020202020332,-0.03636363636363649,-0.015151515151515138,0.045454545454545525,0.0,0.0
KNN-3,PSYCH_WEEKLY_ATTENTION_SES-2,high_v_low,0.625,0.5795454545454546,0.7613636363636364,0.6363636363636364,0.6022727272727273,0.6477272727272727,0.6818181818181818,0.6136363636363636,0.6022727272727273,0.6818181818181818,-0.04292929292929282,-0.05227272727272725,-0.0492424242424242,0.07954545454545459,0.0,0.0
KNN-4,PSYCH_WEEKLY_ATTENTION_SES-2,high_v_low,0.6704545454545454,0.6363636363636364,0.7272727272727273,0.6704545454545454,0.6022727272727273,0.6363636363636364,0.6818181818181818,0.6477272727272727,0.6363636363636364,0.6818181818181818,-0.025252525252525193,-0.040909090909090895,-0.02651515151515149,0.045454545454545525,0.0,0.0
KNN-5,PSYCH_WEEKLY_ATTENTION_SES-2,high_v_low,0.6590909090909091,0.5795454545454546,0.75,0.6590909090909091,0.5454545454545454,0.6477272727272727,0.6818181818181818,0.5909090909090909,0.6477272727272727,0.6818181818181818,-0.04166666666666663,-0.05909090909090908,-0.04166666666666663,0.06818181818181823,0.0,0.0
KNN-6,PSYCH_WEEKLY_ATTENTION_SES-2,high_v_low,0.7045454545454546,0.6022727272727273,0.75,0.7045454545454546,0.6590909090909091,0.6363636363636364,0.6818181818181818,0.6590909090909091,0.6590909090909091,0.6818181818181818,-0.008838383838383757,-0.022727272727272707,-0.015151515151515138,0.06818181818181823,0.0,0.0
KNN-7,PSYCH_WEEKLY_ATTENTION_SES-2,high_v_low,0.7159090909090909,0.6022727272727273,0.7159090909090909,0.7045454545454546,0.6590909090909091,0.625,0.6818181818181818,0.5909090909090909,0.6931818181818182,0.6818181818181818,-0.016414141414141437,-0.031818181818181746,-0.02651515151515149,0.03409090909090917,0.011363636363636465,0.011363636363636465
KNN-8,PSYCH_WEEKLY_ATTENTION_SES-2,high_v_low,0.7045454545454546,0.6136363636363636,0.7386363636363636,0.7045454545454546,0.6704545454545454,0.6477272727272727,0.6818181818181818,0.6590909090909091,0.7386363636363636,0.6818181818181818,0.002525252525252597,-0.002272727272727204,0.011363636363636465,0.05681818181818188,0.05681818181818188,0.05681818181818188
KNN-9,PSYCH_WEEKLY_ATTENTION_SES-2,high_v_low,0.6590909090909091,0.5795454545454546,0.7045454545454546,0.6590909090909091,0.6363636363636364,0.6477272727272727,0.6818181818181818,0.6022727272727273,0.7045454545454546,0.6818181818181818,-0.029040404040403978,-0.027272727272727226,-0.01893939393939381,0.022727272727272818,0.022727272727272818,0.022727272727272818
KNN-10,PSYCH_WEEKLY_ATTENTION_SES-2,high_v_low,0.6363636363636364,0.6136363636363636,0.6363636363636364,0.6363636363636364,0.6590909090909091,0.625,0.6818181818181818,0.6704545454545454,0.6363636363636364,0.6818181818181818,-0.037878787878787845,-0.027272727272727226,-0.018939393939394034,0.0,0.0,0.0
KNN-20,PSYCH_WEEKLY_ATTENTION_SES-2,high_v_low,0.625,0.6818181818181818,0.625,0.6363636363636364,0.6818181818181818,0.6818181818181818,0.6818181818181818,0.6818181818181818,0.6590909090909091,0.6818181818181818,-0.02020202020202022,-0.004545454545454519,-0.007575757575757569,0.0,0.0,0.0
Logistic Regression,PARKINSONS,control_v_parkinsons,0.605,0.5,0.5,0.585,0.0,0.0,0.0,0.4,0.51,0.5,-0.1555555555555556,-0.318,-0.19666666666666666,0.10499999999999998,0.010000000000000009,0.010000000000000009
LDA,PARKINSONS,control_v_parkinsons,0.595,0.485,0.515,0.565,0.3,0.0,0.5,0.5,0.495,0.5,-0.06055555555555553,-0.14100000000000001,-0.0016666666666666496,0.09499999999999997,0.0,0.0
SVM,PARKINSONS,control_v_parkinsons,0.56,0.0,0.52,0.575,0.555,0.52,0.0,0.535,0.475,0.5,-0.08444444444444438,-0.08299999999999991,-0.16333333333333333,0.07499999999999996,0.05500000000000005,0.03500000000000003
KNN-1,PARKINSONS,control_v_parkinsons,0.585,0.475,0.44,0.57,0.27,0.475,0.5,0.49,0.475,0.5,-0.024444444444444435,-0.057999999999999996,-0.011666666666666714,0.08499999999999996,0.0,0.0
KNN-2,PARKINSONS,control_v_parkinsons,0.52,0.48,0.445,0.525,0.405,0.49,0.5,0.5,0.505,0.5,-0.014444444444444426,-0.020000000000000018,0.0016666666666665941,0.025000000000000022,0.0050000000000000044,0.0050000000000000044
KNN-3,PARKINSONS,control_v_parkinsons,0.525,0.45,0.41,0.505,0.5,0.55,0.5,0.51,0.475,0.5,-0.00833333333333336,0.007000000000000006,-0.00500000000000006,0.050000000000000044,0.050000000000000044,0.010000000000000009
KNN-4,PARKINSONS,control_v_parkinsons,0.56,0.485,0.425,0.56,0.41,0.475,0.5,0.515,0.485,0.5,-0.009444444444444366,-0.02300000000000002,0.0,0.06000000000000005,0.015000000000000013,0.015000000000000013
KNN-5,PARKINSONS,control_v_parkinsons,0.54,0.475,0.425,0.535,0.495,0.405,0.5,0.52,0.435,0.5,-0.0188888888888889,-0.029000000000000026,-0.014999999999999958,0.040000000000000036,0.020000000000000018,0.020000000000000018
KNN-6,PARKINSONS,control_v_parkinsons,0.575,0.495,0.415,0.57,0.465,0.435,0.5,0.505,0.465,0.5,-0.00833333333333336,-0.02600000000000008,-0.010000000000000009,0.07499999999999996,0.0050000000000000044,0.0050000000000000044
KNN-7,PARKINSONS,control_v_parkinsons,0.53,0.485,0.435,0.52,0.495,0.41,0.5,0.53,0.475,0.5,-0.013333333333333364,-0.01799999999999996,0.0016666666666665941,0.030000000000000027,0.030000000000000027,0.030000000000000027
KNN-8,PARKINSONS,control_v_parkinsons,0.57,0.46,0.44,0.55,0.47,0.445,0.5,0.535,0.475,0.5,-0.006111111111111067,-0.014999999999999958,0.0033333333333334103,0.06999999999999995,0.03500000000000003,0.03500000000000003
KNN-9,PARKINSONS,control_v_parkinsons,0.54,0.45,0.425,0.53,0.49,0.445,0.5,0.545,0.44,0.5,-0.014999999999999958,-0.016000000000000014,-0.00500000000000006,0.04500000000000004,0.04500000000000004,0.04500000000000004
KNN-10,PARKINSONS,control_v_parkinsons,0.575,0.45,0.475,0.57,0.47,0.47,0.5,0.54,0.465,0.5,0.0016666666666665941,-0.01100000000000001,0.0016666666666667052,0.07499999999999996,0.040000000000000036,0.040000000000000036
KNN-20,PARKINSONS,control_v_parkinsons,0.585,0.445,0.45,0.585,0.5,0.495,0.5,0.525,0.47,0.5,0.006111111111111067,-0.0019999999999999463,-0.0016666666666667052,0.08499999999999996,0.025000000000000022,0.025000000000000022
Logistic Regression,PARKINSONS,control_pre_v_park_pre,0.5253623188405797,0.5652173913043478,0.6086956521739131,0.5652173913043478,0.5434782608695652,0.5434782608695652,0.5434782608695652,0.5434782608695652,0.4891304347826087,0.5434782608695652,0.004025764895330131,-0.010869565217391242,-0.018115942028985477,0.0652173913043479,0.0,0.0
LDA,PARKINSONS,control_pre_v_park_pre,0.605072463768116,0.5434782608695652,0.6123188405797102,0.6304347826086957,0.5434782608695652,0.4855072463768116,0.4565217391304348,0.463768115942029,0.5289855072463768,0.5434782608695652,-0.0024154589371979673,-0.04782608695652174,-0.06038647342995157,0.08695652173913049,0.0,-0.01449275362318836
SVM,PARKINSONS,control_pre_v_park_pre,0.6557971014492754,0.5434782608695652,0.5978260869565217,0.6123188405797102,0.5434782608695652,0.4239130434782609,0.5434782608695652,0.5434782608695652,0.5434782608695652,0.5434782608695652,0.012882447665056418,-0.023913043478260843,0.0,0.1123188405797102,0.0,0.0
KNN-1,PARKINSONS,control_pre_v_park_pre,0.7681159420289855,0.5,0.5108695652173914,0.6340579710144928,0.463768115942029,0.5434782608695652,0.5434782608695652,0.5036231884057971,0.5579710144927537,0.5434782608695652,0.014895330112721483,-0.021014492753623215,-0.008454106280193163,0.2246376811594203,0.01449275362318847,0.01449275362318847
KNN-2,PARKINSONS,control_pre_v_park_pre,0.7753623188405797,0.4818840579710145,0.5615942028985508,0.6485507246376812,0.4710144927536232,0.6195652173913043,0.5434782608695652,0.5398550724637681,0.5434782608695652,0.5434782608695652,0.03260869565217395,0.0,-0.0012077294685990392,0.23188405797101452,0.07608695652173914,0.0
KNN-3,PARKINSONS,control_pre_v_park_pre,0.7789855072463768,0.43478260869565216,0.532608695652174,0.6884057971014492,0.5652173913043478,0.6195652173913043,0.5434782608695652,0.532608695652174,0.5652173913043478,0.5434782608695652,0.04106280193236722,0.021739130434782594,0.0036231884057971175,0.23550724637681164,0.07608695652173914,0.021739130434782594
KNN-4,PARKINSONS,control_pre_v_park_pre,0.8079710144927537,0.5108695652173914,0.572463768115942,0.6811594202898551,0.4528985507246377,0.6123188405797102,0.5434782608695652,0.5253623188405797,0.5398550724637681,0.5434782608695652,0.03945249597423517,-0.008695652173912993,-0.007246376811594124,0.26449275362318847,0.06884057971014501,0.0
KNN-5,PARKINSONS,control_pre_v_park_pre,0.7934782608695652,0.463768115942029,0.5471014492753623,0.6630434782608695,0.4891304347826087,0.5905797101449275,0.5434782608695652,0.4746376811594203,0.5579710144927537,0.5434782608695652,0.025764895330112725,-0.01231884057971011,-0.018115942028985477,0.25,0.047101449275362306,0.01449275362318847
KNN-6,PARKINSONS,control_pre_v_park_pre,0.8115942028985508,0.5,0.5543478260869565,0.6666666666666666,0.5072463768115942,0.5253623188405797,0.5434782608695652,0.4782608695652174,0.572463768115942,0.5434782608695652,0.029790660225442966,-0.018115942028985477,-0.01207729468599028,0.2681159420289856,0.02898550724637683,0.02898550724637683
KNN-7,PARKINSONS,control_pre_v_park_pre,0.7934782608695652,0.4673913043478261,0.5181159420289855,0.6594202898550725,0.5144927536231884,0.5181159420289855,0.5434782608695652,0.5072463768115942,0.5652173913043478,0.5434782608695652,0.021739130434782594,-0.013768115942029091,-0.004830917874396046,0.25,0.021739130434782594,0.021739130434782594
KNN-8,PARKINSONS,control_pre_v_park_pre,0.8043478260869565,0.5072463768115942,0.5615942028985508,0.6702898550724637,0.572463768115942,0.5181159420289855,0.5434782608695652,0.4818840579710145,0.5688405797101449,0.5434782608695652,0.03743961352656999,-0.006521739130434745,-0.01207729468599028,0.26086956521739135,0.02898550724637683,0.025362318840579712
KNN-9,PARKINSONS,control_pre_v_park_pre,0.7826086956521741,0.4710144927536232,0.5253623188405797,0.677536231884058,0.5688405797101449,0.5036231884057971,0.5434782608695652,0.4818840579710145,0.5797101449275363,0.5434782608695652,0.026972624798711875,-0.007971014492753614,-0.008454106280193274,0.23913043478260887,0.036231884057971064,0.036231884057971064
KNN-10,PARKINSONS,control_pre_v_park_pre,0.7681159420289855,0.5108695652173914,0.5434782608695652,0.6739130434782609,0.5072463768115942,0.5108695652173914,0.5434782608695652,0.4891304347826087,0.5543478260869565,0.5434782608695652,0.023349436392914646,-0.022463768115941973,-0.01449275362318836,0.2246376811594203,0.010869565217391353,0.010869565217391353
KNN-20,PARKINSONS,control_pre_v_park_pre,0.75,0.5072463768115942,0.5905797101449275,0.6304347826086957,0.5217391304347826,0.5434782608695652,0.5434782608695652,0.5072463768115942,0.5471014492753623,0.5434782608695652,0.02777777777777779,-0.010869565217391353,-0.010869565217391242,0.2065217391304348,0.0036231884057971175,0.0036231884057971175
Logistic Regression,REFLECT_SUMMED,rest_v_task,0.9548387096774194,,0.8,0.8645161290322579,0.8,0.8,0.8,0.8,0.8645161290322579,0.8,0.03548387096774186,0.012903225806451535,0.02150537634408589,0.1548387096774193,0.0645161290322579,0.0645161290322579
LDA,REFLECT_SUMMED,rest_v_task,0.4709677419354839,,0.7483870967741936,0.9161290322580644,0.8,0.7806451612903226,0.8,0.7548387096774194,0.6967741935483871,0.8,-0.05403225806451606,-0.03354838709677421,-0.04946236559139783,0.11612903225806437,0.0,0.0
SVM,REFLECT_SUMMED,rest_v_task,0.9161290322580644,,0.832258064516129,0.9161290322580644,0.7806451612903226,0.8,0.8,0.8,0.8,0.8,0.030645161290322465,-0.003870967741935516,1.1102230246251565e-16,0.11612903225806437,0.0,0.0
KNN-1,REFLECT_SUMMED,rest_v_task,0.9161290322580644,,0.7935483870967742,0.9161290322580644,0.9741935483870968,0.9935483870967742,0.8,0.7612903225806451,0.8838709677419355,0.8,0.07983870967741924,0.08258064516129027,0.01505376344086018,0.19354838709677413,0.19354838709677413,0.08387096774193548
KNN-2,REFLECT_SUMMED,rest_v_task,0.9225806451612903,,0.7483870967741936,0.9161290322580644,0.9741935483870968,0.9935483870967742,0.8,0.6967741935483871,0.8645161290322579,0.8,0.06451612903225801,0.06580645161290322,-0.012903225806451646,0.19354838709677413,0.19354838709677413,0.0645161290322579
KNN-3,REFLECT_SUMMED,rest_v_task,0.9096774193548388,,0.7806451612903226,0.9032258064516128,0.9806451612903224,0.9806451612903224,0.8,0.8064516129032258,0.8967741935483872,0.8,0.08225806451612883,0.0929032258064515,0.03440860215053765,0.18064516129032238,0.18064516129032238,0.09677419354838712
KNN-4,REFLECT_SUMMED,rest_v_task,0.9225806451612903,,0.7483870967741936,0.9225806451612903,0.9806451612903224,0.9806451612903224,0.2258064516129032,0.8193548387096774,0.8774193548387097,0.8,0.009677419354838568,-0.023225806451613096,-0.1591397849462366,0.18064516129032238,0.18064516129032238,0.07741935483870965
KNN-5,REFLECT_SUMMED,rest_v_task,0.9225806451612903,,0.7741935483870968,0.9225806451612903,0.9612903225806452,0.9806451612903224,0.2258064516129032,0.7870967741935484,0.8903225806451613,0.8,0.008064516129032251,-0.030967741935484017,-0.16559139784946242,0.18064516129032238,0.18064516129032238,0.0903225806451613
KNN-6,REFLECT_SUMMED,rest_v_task,0.935483870967742,,0.7612903225806451,0.935483870967742,0.9612903225806452,0.9548387096774194,0.2258064516129032,0.7806451612903226,0.8709677419354839,0.8,0.003225806451612856,-0.041290322580645245,-0.17419354838709677,0.16129032258064513,0.16129032258064513,0.07096774193548383
KNN-7,REFLECT_SUMMED,rest_v_task,0.935483870967742,,0.8129032258064516,0.935483870967742,0.9741935483870968,0.9548387096774194,0.2258064516129032,0.7935483870967742,0.8645161290322579,0.8,0.012096774193548376,-0.03741935483870984,-0.17204301075268824,0.17419354838709677,0.17419354838709677,0.0645161290322579
KNN-8,REFLECT_SUMMED,rest_v_task,0.9290322580645162,,0.8258064516129032,0.9290322580645162,0.9741935483870968,0.9612903225806452,0.2258064516129032,0.7870967741935484,0.8645161290322579,0.8,0.012096774193548376,-0.03741935483870984,-0.17419354838709677,0.17419354838709677,0.17419354838709677,0.0645161290322579
KNN-9,REFLECT_SUMMED,rest_v_task,0.9290322580645162,,0.8451612903225807,0.9225806451612903,0.9741935483870968,0.9612903225806452,0.2258064516129032,0.7935483870967742,0.8645161290322579,0.8,0.014516129032258074,-0.03612903225806463,-0.17204301075268824,0.17419354838709677,0.17419354838709677,0.0645161290322579
KNN-10,REFLECT_SUMMED,rest_v_task,0.9225806451612903,,0.8129032258064516,0.9225806451612903,0.9741935483870968,0.9612903225806452,0.2,0.7806451612903226,0.8580645161290322,0.8,0.0040322580645161255,-0.04516129032258065,-0.18709677419354842,0.17419354838709677,0.17419354838709677,0.058064516129032184
KNN-20,REFLECT_SUMMED,rest_v_task,0.9096774193548388,,0.832258064516129,0.9096774193548388,0.8,0.8516129032258064,0.2,0.7806451612903226,0.8580645161290322,0.8,-0.032258064516129004,-0.10193548387096785,-0.18709677419354842,0.10967741935483877,0.058064516129032184,0.058064516129032184
Logistic Regression,REFLECT_INTERLEAVED,rest_v_task,0.9290322580645162,,0.8,0.9290322580645162,0.8,0.8,0.8,0.8,0.8,0.8,0.032258064516129004,0.0,1.1102230246251565e-16,0.12903225806451613,0.0,0.0
LDA,REFLECT_INTERLEAVED,rest_v_task,0.4,,0.9483870967741936,0.9419354838709676,0.7870967741935484,0.8064516129032258,0.8,0.7096774193548387,0.5870967741935483,0.8,-0.05241935483870974,-0.06193548387096781,-0.10107526881720441,0.1483870967741936,0.006451612903225712,0.0
SVM,REFLECT_INTERLEAVED,rest_v_task,0.9096774193548388,,0.9483870967741936,0.9161290322580644,0.8,0.8064516129032258,0.8,0.8,0.8,0.8,0.047580645161290236,0.001290322580644987,1.1102230246251565e-16,0.1483870967741936,0.006451612903225712,0.0
KNN-1,REFLECT_INTERLEAVED,rest_v_task,0.967741935483871,,0.9290322580645162,0.967741935483871,0.967741935483871,0.9612903225806452,0.8,0.6838709677419355,0.7612903225806451,0.8,0.07983870967741935,0.0348387096774192,-0.05161290322580647,0.16774193548387095,0.16774193548387095,0.0
KNN-2,REFLECT_INTERLEAVED,rest_v_task,0.9612903225806452,,0.9290322580645162,0.9612903225806452,0.967741935483871,0.9483870967741936,0.8,0.6645161290322581,0.7354838709677419,0.8,0.07096774193548383,0.023225806451612874,-0.06666666666666665,0.16774193548387095,0.16774193548387095,0.0
KNN-3,REFLECT_INTERLEAVED,rest_v_task,0.967741935483871,,0.935483870967742,0.967741935483871,0.9419354838709676,0.9548387096774194,0.8,0.8129032258064516,0.8258064516129032,0.8,0.10080645161290325,0.0670967741935482,0.012903225806451535,0.16774193548387095,0.1548387096774193,0.02580645161290318
KNN-4,REFLECT_INTERLEAVED,rest_v_task,0.935483870967742,,0.9161290322580644,0.935483870967742,0.9032258064516128,0.935483870967742,0.23225806451612904,0.7870967741935484,0.8387096774193549,0.8,0.010483870967741837,-0.0606451612903226,-0.1806451612903227,0.13548387096774195,0.13548387096774195,0.03870967741935483
KNN-5,REFLECT_INTERLEAVED,rest_v_task,0.935483870967742,,0.935483870967742,0.935483870967742,0.9483870967741936,0.935483870967742,0.23225806451612904,0.8129032258064516,0.8451612903225807,0.8,0.022580645161290436,-0.04516129032258065,-0.1698924731182796,0.1483870967741936,0.1483870967741936,0.04516129032258065
KNN-6,REFLECT_INTERLEAVED,rest_v_task,0.9483870967741936,,0.9483870967741936,0.9483870967741936,0.9483870967741936,0.935483870967742,0.23225806451612904,0.8193548387096774,0.8451612903225807,0.8,0.02822580645161299,-0.04387096774193555,-0.16774193548387106,0.1483870967741936,0.1483870967741936,0.04516129032258065
KNN-7,REFLECT_INTERLEAVED,rest_v_task,0.9483870967741936,,0.9483870967741936,0.9483870967741936,0.9161290322580644,0.8709677419354839,0.23225806451612904,0.832258064516129,0.8129032258064516,0.8,0.013709677419354804,-0.06709677419354843,-0.17419354838709677,0.1483870967741936,0.11612903225806437,0.032258064516129004
KNN-8,REFLECT_INTERLEAVED,rest_v_task,0.9483870967741936,,0.9483870967741936,0.9483870967741936,0.9161290322580644,0.8903225806451613,0.23225806451612904,0.8516129032258064,0.8129032258064516,0.8,0.0185483870967742,-0.059354838709677504,-0.16774193548387106,0.1483870967741936,0.11612903225806437,0.05161290322580636
KNN-9,REFLECT_INTERLEAVED,rest_v_task,0.935483870967742,,0.935483870967742,0.935483870967742,0.9161290322580644,0.8580645161290322,0.23225806451612904,0.8516129032258064,0.8193548387096774,0.8,0.010483870967741837,-0.06451612903225812,-0.16559139784946242,0.13548387096774195,0.11612903225806437,0.05161290322580636
KNN-10,REFLECT_INTERLEAVED,rest_v_task,0.9483870967741936,,0.9483870967741936,0.9483870967741936,0.9161290322580644,0.8580645161290322,0.23225806451612904,0.8387096774193549,0.8451612903225807,0.8,0.01693548387096766,-0.06193548387096781,-0.16129032258064513,0.1483870967741936,0.11612903225806437,0.04516129032258065
KNN-20,REFLECT_INTERLEAVED,rest_v_task,0.9483870967741936,,0.9483870967741936,0.9483870967741936,0.9161290322580644,0.8,0.2,0.8193548387096774,0.8516129032258064,0.8,0.0040322580645161255,-0.08258064516129038,-0.17634408602150542,0.1483870967741936,0.11612903225806437,0.05161290322580636
